t,E,j
0.0,-0.2010432214374993,0.0030203101314334904
0.10000000000000009,-0.2000432214374993,0.0033683693966645896
0.20000000000000018,-0.1990432214374993,0.003496649960889783
0.30000000000000027,-0.1980432214374993,0.0035875411622416655
0.40000000000000036,-0.1970432214374993,0.003659380389117611
0.5000000000000004,-0.1960432214374993,0.003719250792878357
0.6000000000000005,-0.1950432214374993,0.0037707757832686046
0.7000000000000006,-0.1940432214374993,0.003816102992763114
0.7999999999999979,-0.19304322143749933,0.0038566290681053086
0.9000000000000008,-0.1920432214374993,0.003893322668782705
1.0000000000000009,-0.1910432214374993,0.003926888326176848
1.100000000000001,-0.1900432214374993,0.003957857606567653
1.200000000000001,-0.1890432214374993,0.003986643478000811
1.3000000000000012,-0.1880432214374993,0.004013574544301874
1.3999999999999984,-0.18704322143749932,0.004038917566665413
1.5000000000000013,-0.1860432214374993,0.004062892824337828
1.6000000000000014,-0.1850432214374993,0.0040856849133186456
1.6999999999999986,-0.18404322143749932,0.004107450536306338
1.8000000000000016,-0.1830432214374993,0.0041283242486584906
1.8999999999999988,-0.18204322143749932,0.0041484227797719975
2.0000000000000018,-0.1810432214374993,0.004167848339132569
2.1000000000000045,-0.18004322143749926,0.00418669118431491
2.2000000000000046,-0.17904322143749926,0.004205031643024206
2.300000000000002,-0.1780432214374993,0.0042229417249129726
2.400000000000005,-0.17704322143749926,0.004240486420802579
2.500000000000002,-0.1760432214374993,0.0042577247606647205
2.5999999999999996,-0.1750432214374993,0.004274710683278006
2.7000000000000077,-0.17404322143749923,0.00429149375732323
2.8000000000000025,-0.17304322143749928,0.0043081197841627365
2.9,-0.1720432214374993,0.004324631305567813
3.0000000000000053,-0.17104322143749925,0.0043410680344736175
3.1000000000000028,-0.17004322143749928,0.004357467222947536
3.200000000000003,-0.16904322143749928,0.004373863978601649
3.3000000000000056,-0.16804322143749925,0.004390291538415288
3.4000000000000004,-0.1670432214374993,0.004406781507182458
3.5000000000000084,-0.16604322143749922,0.004423364066433451
3.6000000000000005,-0.1650432214374993,0.004440068158606922
3.700000000000006,-0.16404322143749925,0.004456921650399675
3.8000000000000034,-0.16304322143749927,0.0044739514785447744
3.900000000000009,-0.16204322143749922,0.004491183780726588
4.000000000000001,-0.1610432214374993,0.0045086440139043265
4.100000000000003,-0.16004322143749927,0.004526357061961915
4.200000000000009,-0.15904322143749922,0.004544347334314195
4.300000000000007,-0.15804322143749924,0.00456263885686471
4.400000000000007,-0.15704322143749924,0.004581255356518058
4.499999999999996,-0.15604322143749935,0.004600220340292295
4.600000000000007,-0.15504322143749924,0.0046195571699477
4.70000000000001,-0.1540432214374992,0.004639289132942359
4.800000000000004,-0.15304322143749927,0.004659439510438754
4.90000000000001,-0.1520432214374992,0.004680031643015412
5.000000000000002,-0.1510432214374993,0.004701088994681599
5.100000000000004,-0.15004322143749926,0.004722635215748813
5.20000000000001,-0.1490432214374992,0.004744694205078906
5.300000000000002,-0.1480432214374993,0.004767290172204221
5.400000000000002,-0.1470432214374993,0.004790447699798691
5.500000000000013,-0.14604322143749918,0.004814191806970366
5.600000000000008,-0.14504322143749923,0.004838548013844512
5.700000000000016,-0.14404322143749915,0.004863542407912164
5.800000000000005,-0.14304322143749926,0.0048892017126316665
5.900000000000022,-0.1420432214374991,0.004915553358790739
6.000000000000011,-0.1410432214374992,0.004942625559163609
6.1000000000000165,-0.14004322143749914,0.004970447387033216
6.200000000000011,-0.1390432214374992,0.004999048859191828
6.300000000000005,-0.13804322143749925,0.0050284610240869075
6.400000000000011,-0.1370432214374992,0.005058716055842535
6.5,-0.1360432214374993,0.005089847354962511
6.600000000000003,-0.13504322143749928,0.005121889656610723
6.7,-0.1340432214374993,0.005154879147469406
6.800000000000003,-0.13304322143749928,0.005188853592299876
6.9,-0.1320432214374993,0.0052238524714753
7.000000000000001,-0.1310432214374993,0.005259917130925954
7.100000000000003,-0.13004322143749927,0.005297090946138069
7.200000000000001,-0.1290432214374993,0.0053354195020842285
7.300000000000001,-0.1280432214374993,0.005374950791242839
7.400000000000007,-0.12704322143749924,0.005415735432195626
7.500000000000012,-0.1260432214374992,0.005457826911685881
7.600000000000001,-0.1250432214374993,0.005501281853489983
7.699999999999998,-0.12404322143749932,0.005546160318016949
7.800000000000015,-0.12304322143749916,0.005592526137226748
7.900000000000006,-0.12204322143749925,0.00564044729027428
8.000000000000014,-0.12104322143749917,0.005689996326275961
8.100000000000012,-0.12004322143749918,0.005741250841802308
8.200000000000019,-0.11904322143749912,0.005794294022179267
8.299999999999995,-0.11804322143749935,0.005849215257503102
8.400000000000011,-0.11704322143749919,0.005906110846533347
8.500000000000005,-0.11604322143749926,0.0059650848044464876
8.600000000000005,-0.11504322143749926,0.006026249793973767
8.700000000000005,-0.11404322143749926,0.006089728203923764
8.800000000000004,-0.11304322143749927,0.006155653404798923
8.90000000000002,-0.1120432214374991,0.006224171218549972
9.000000000000016,-0.11104322143749915,0.006295441649020954
9.100000000000016,-0.11004322143749914,0.006369640932080256
9.200000000000017,-0.10904322143749914,0.006446963980878728
9.3,-0.1080432214374993,0.006527627323651792
9.400000000000002,-0.10704322143749928,0.006611872661193439
9.500000000000005,-0.10604322143749925,0.006699971211815192
9.600000000000012,-0.10504322143749918,0.006792229068097194
9.63137293398253,-0.10472949209767402,0.00682208418267205
9.731372933982529,-0.10372949209767401,0.006917719243848921
9.831372933982529,-0.10272949209767401,0.007012871350942746
9.93137293398253,-0.10172949209767401,0.00710755454408821
10.03137293398253,-0.10072949209767401,0.0072017836630523056
10.13137293398253,-0.09972949209767401,0.0072955743899164
10.231372933982529,-0.09872949209767401,0.0073889432943218215
10.33137293398253,-0.09772949209767401,0.0074819078814548955
10.43137293398253,-0.09672949209767401,0.0075744866429610785
10.53137293398253,-0.09572949209767401,0.007666699110992667
10.63137293398253,-0.094729492097674,0.007758565915610838
10.73137293398253,-0.093729492097674,0.007850108845780319
10.83137293398253,-0.092729492097674,0.007941350914214315
10.931372933982528,-0.09172949209767402,0.008032316426348161
11.03137293398253,-0.090729492097674,0.00812303105374311
11.131372933982531,-0.089729492097674,0.008213521912246596
11.23137293398253,-0.088729492097674,0.008303817645262633
11.33137293398253,-0.087729492097674,0.008393948512515794
11.43137293398253,-0.086729492097674,0.00848394648472494
11.531372933982531,-0.085729492097674,0.008573845344638611
11.63137293398253,-0.08472949209767401,0.008663680794923205
11.731372933982529,-0.08372949209767401,0.008753490573438154
11.83137293398253,-0.08272949209767401,0.008843314576479484
11.93137293398253,-0.08172949209767401,0.008933194990625167
12.03137293398253,-0.08072949209767401,0.009023176433872702
12.131372933982531,-0.07972949209767399,0.009113306106822315
12.23137293398253,-0.07872949209767399,0.009203633954728391
12.33137293398253,-0.077729492097674,0.009294212841318199
12.43137293398253,-0.076729492097674,0.00938509873536124
12.53137293398253,-0.07572949209767402,0.009476350911065735
12.63137293398253,-0.07472949209767402,0.009568032163481746
12.731372933982533,-0.073729492097674,0.009660209040204391
12.831372933982532,-0.07272949209767401,0.009752952090796876
12.931372933982535,-0.07172949209767399,0.00984633613549302
13.031372933982531,-0.070729492097674,0.00994044055489427
13.131372933982533,-0.06972949209767401,0.010035349602548718
13.231372933982533,-0.06872949209767401,0.01013115274249139
13.331372933982532,-0.06772949209767401,0.01022794501403848
13.431372933982532,-0.06672949209767401,0.01032582742636588
13.531372933982535,-0.06572949209767398,0.010424907385667224
13.631372933982533,-0.064729492097674,0.01052529915798229
13.731372933982533,-0.063729492097674,0.010627124371116667
13.831372933982532,-0.062729492097674,0.010730512559442398
13.931372933982534,-0.06172949209767402,0.010835601755782059
14.031372933982533,-0.060729492097674004,0.010942539135040584
14.131372933982533,-0.059729492097674,0.011051481714766645
14.231372933982533,-0.058729492097674016,0.011162597118405688
14.331372933982536,-0.05772949209767398,0.011276064407657575
14.431372933982535,-0.05672949209767398,0.0113920749910826
14.531372933982533,-0.05572949209767399,0.011510833616920499
14.631372933982531,-0.05472949209767401,0.011632559459009437
14.731372933982534,-0.05372949209767397,0.011757487305728788
14.83137293398253,-0.052729492097674,0.011885868863055586
14.931372933982534,-0.05172949209767398,0.012017974184135567
15.031372933982531,-0.050729492097674,0.012154093239243765
15.131372933982535,-0.04972949209767396,0.01229453764166692
15.231372933982529,-0.048729492097674,0.01243964254690134
15.331372933982529,-0.047729492097674006,0.012589768744649565
15.431372933982532,-0.046729492097673984,0.012745304965441328
15.531372933982528,-0.045729492097674,0.012906670426325834
15.63137293398253,-0.04472949209767399,0.013074317643009068
15.731372933982529,-0.04372949209767399,0.013248735539067299
15.831372933982529,-0.042729492097673995,0.013430452886480114
15.931372933982528,-0.04172949209767399,0.013620042115709802
16.031372933982528,-0.040729492097674014,0.013818123537918444
16.13137293398253,-0.039729492097674,0.01402537002665359
16.23137293398253,-0.038729492097673984,0.014242512211419438
16.33137293398253,-0.03772949209767397,0.014470344240922223
16.43137293398253,-0.03672949209767397,0.014709730179325337
16.531372933982528,-0.03572949209767397,0.01496161110439263
16.63137293398253,-0.03472949209767397,0.015227012981659564
16.73137293398253,-0.033729492097673966,0.015507055393336251
16.831372933982536,-0.03272949209767392,0.01580296120390915
16.93137293398253,-0.03172949209767398,0.016116067245503497
17.03137293398253,-0.030729492097673977,0.016447836103777775
17.06053335580062,-0.030437887879493086,0.016548322440131377
17.16053335580062,-0.029437887879493085,0.016912124551699412
17.260533355800618,-0.028437887879493084,0.017309881675369947
17.36053335580062,-0.027437887879493087,0.01774411854896449
17.46053335580062,-0.026437887879493086,0.018217665326054806
17.56053335580062,-0.02543788787949309,0.018733705520644368
17.66053335580062,-0.024437887879493088,0.019295831631919787
17.760533355800618,-0.023437887879493087,0.019908108603275482
17.86053335580062,-0.022437887879493086,0.02057514392431803
17.96053335580062,-0.021437887879493085,0.021302160211733496
18.06053335580062,-0.020437887879493088,0.022095059804992944
18.16053335580062,-0.019437887879493083,0.022960457789924053
18.26053335580062,-0.018437887879493083,0.023905632668677134
18.36053335580062,-0.01743788787949308,0.024938287582864014
18.46053335580062,-0.016437887879493074,0.026065898860067462
18.56053335580062,-0.015437887879493083,0.027294193775115633
18.66053335580062,-0.014437887879493086,0.02862385298280168
18.76053335580062,-0.013437887879493089,0.030043829064917222
18.86053335580062,-0.012437887879493077,0.03151921112245089
18.96053335580062,-0.01143788787949308,0.032974039995798766
19.060533355800622,-0.010437887879493086,0.03428102116468889
19.16053335580062,-0.009437887879493088,0.03528674373281864
19.26053335580062,-0.00843788787949308,0.035879529540029036
19.36053335580062,-0.00743788787949308,0.03603877550849534
19.39540461594471,-0.0070891752780521955,0.0360007874181262
19.49540461594471,-0.006089175278052195,0.035777251746992346
19.595404615944712,-0.0050891752780521955,0.035475930178503076
19.69540461594471,-0.0040891752780521946,0.035131068725428996
19.79540461594471,-0.0030891752780521954,0.03476995596120865
19.895404615944713,-0.0020891752780521945,0.034411424753581596
19.99540461594471,-0.0010891752780521945,0.034067153449148874
20.095404615944712,-8.917527805219622e-05,0.03374371267019371
20.19540461594471,0.0009108247219478047,0.0334443526180648
20.29540461594471,0.001910824721947809,0.03317028557651446
20.395404615944713,0.0029108247219478064,0.03292152563405065
20.49540461594471,0.003910824721947814,0.03269741308906885
20.595404615944712,0.004910824721947803,0.03249693332412997
20.695404615944714,0.005910824721947804,0.0323189072065427
20.79540461594471,0.00691082472194781,0.032162102789049955
20.895404615944713,0.007910824721947807,0.03202529927535667
20.934304064285293,0.008299819205353609,0.03197723215768002
21.03430406428529,0.00929981920535361,0.031821511138201315
21.134304064285292,0.010299819205353609,0.031592911512531956
21.234304064285293,0.011299819205353608,0.031291491346974044
21.33430406428529,0.01229981920535361,0.030920851327482294
21.434304064285293,0.013299819205353608,0.030488717346640822
21.53430406428529,0.014299819205353607,0.030006810218539477
21.634304064285292,0.015299819205353608,0.029489825562252162
21.734304064285293,0.01629981920535361,0.028953719853206494
21.83430406428529,0.017299819205353607,0.028413827818911202
21.934304064285293,0.01829981920535361,0.02788337445457569
22.03430406428529,0.019299819205353612,0.027372687005814286
22.134304064285292,0.020299819205353613,0.026889081442957458
22.234304064285293,0.02129981920535361,0.026437199861456654
22.33430406428529,0.022299819205353615,0.02601954855856071
22.434304064285293,0.023299819205353615,0.025637056515523407
22.534304064285294,0.024299819205353616,0.02528956022137293
22.552798761413673,0.024484766176637418,0.025229065046076506
22.65279876141367,0.02548476617663742,0.024894969418917764
22.752798761413672,0.02648476617663742,0.024548858803311813
22.852798761413673,0.027484766176637417,0.02420369190034777
22.95279876141367,0.028484766176637415,0.023870926442521513
23.052798761413673,0.02948476617663742,0.023558696703074356
23.152798761413674,0.030484766176637416,0.023271503730299438
23.252798761413672,0.03148476617663742,0.023010929920462556
23.352798761413673,0.03248476617663741,0.022776641835490597
23.45279876141367,0.033484766176637426,0.022567242492447168
23.552798761413673,0.03448476617663742,0.022380852896205207
23.652798761413674,0.035484766176637414,0.022215459122098356
23.752798761413672,0.03648476617663743,0.022069098647528675
23.852798761413673,0.03748476617663742,0.02193994891725434
23.952798761413675,0.03848476617663743,0.021826360876323562
24.052798761413673,0.039484766176637424,0.02172686349549034
24.152798761413674,0.04048476617663743,0.021640154180135193
24.252798761413672,0.04148476617663743,0.02156508321317686
24.352798761413673,0.042484766176637434,0.021500636507977736
24.452798761413675,0.04348476617663744,0.02144591879235574
24.552798761413673,0.04448476617663742,0.021400138177629344
24.648884275194337,0.045445621314444073,0.021363915211085677
24.74888427519434,0.046445621314444074,0.021333325015753708
24.848884275194337,0.047445621314444075,0.021309349872929696
24.948884275194338,0.048445621314444076,0.021291856600011143
25.04888427519434,0.04944562131444408,0.02128070313103038
25.148884275194337,0.05044562131444407,0.021275738504288443
25.24888427519434,0.05144562131444407,0.021276802881951863
25.348884275194337,0.05244562131444407,0.021283727603151094
25.448884275194338,0.053445621314444074,0.021296335271931137
25.54888427519434,0.054445621314444075,0.021314439881187516
25.648884275194337,0.055445621314444075,0.02133784697347666
25.74888427519434,0.056445621314444076,0.021366353839319834
25.84888427519434,0.05744562131444408,0.021399749753326754
25.948884275194338,0.05844562131444408,0.02143781624815218
26.04888427519434,0.059445621314444086,0.02148032742596896
26.148884275194337,0.06044562131444408,0.02152705030679956
26.24888427519434,0.06144562131444408,0.021577745212698646
26.34888427519434,0.06244562131444409,0.021632166186427448
26.448884275194338,0.06344562131444408,0.02169006144291219
26.54888427519434,0.06444562131444408,0.021751173851438536
26.64888427519434,0.06544562131444409,0.021815241446208493
26.74888427519434,0.06644562131444409,0.021881997962580564
26.84888427519434,0.06744562131444408,0.021951173396033842
26.948884275194338,0.0684456213144441,0.022022494580647162
27.04888427519434,0.0694456213144441,0.022095685783670133
27.14888427519434,0.07044562131444408,0.022170469312587808
27.24888427519434,0.07144562131444408,0.02224656613094787
27.34888427519434,0.0724456213144441,0.022323696479131655
27.44888427519434,0.0734456213144441,0.022401580496208728
27.54888427519434,0.0744456213144441,0.022479938839020483
27.64888427519434,0.07544562131444409,0.02255849329469071
27.74888427519434,0.0764456213144441,0.022636967382858794
27.84888427519434,0.07744562131444409,0.022715086944072278
27.94888427519434,0.07844562131444408,0.02279258071095728
28.04888427519434,0.0794456213144441,0.022869180859003004
28.14888427519434,0.0804456213144441,0.02294462353404709
28.248884275194342,0.0814456213144441,0.023018649353826522
28.34888427519434,0.0824456213144441,0.023091003881258544
28.44888427519434,0.08344562131444411,0.023161438067433343
28.54888427519434,0.0844456213144441,0.023229708662628287
28.64888427519434,0.0854456213144441,0.023295578593987773
28.748884275194342,0.08644562131444411,0.023358817308847448
28.84888427519434,0.08744562131444411,0.023419201083011907
28.94888427519434,0.0884456213144441,0.02347651329361642
29.048884275194343,0.0894456213144441,0.02353054465651119
29.14888427519434,0.09044562131444409,0.02358109342839822
29.248884275194342,0.0914456213144441,0.023627965574222178
29.34888427519434,0.0924456213144441,0.02367097490056578
29.44888427519434,0.09344562131444412,0.023709943156025145
29.548884275194343,0.09444562131444412,0.02374470009973974
29.637036776521896,0.09532714632771966,0.02377171736502472
29.737036776521897,0.09632714632771966,0.02379963343266014
29.837036776521895,0.09732714632771966,0.023826158621079476
29.937036776521897,0.09832714632771966,0.023851459926347563
30.037036776521898,0.09932714632771966,0.02387566573260361
30.137036776521896,0.10032714632771966,0.023898876782760262
30.237036776521897,0.10132714632771966,0.023921173389504544
30.337036776521895,0.10232714632771966,0.023942620347218172
30.437036776521897,0.10332714632771965,0.023963270377815142
30.537036776521898,0.10432714632771965,0.023983166607868305
30.637036776521896,0.10532714632771965,0.024002344385692986
30.737036776521897,0.10632714632771967,0.0240208326363425
30.8370367765219,0.10732714632771967,0.02403865488508275
30.937036776521897,0.10832714632771967,0.02405583003755234
31.037036776521898,0.10932714632771967,0.0240723729774086
31.137036776521896,0.11032714632771966,0.02408829502405661
31.237036776521897,0.11132714632771967,0.024103604280663368
31.3370367765219,0.11232714632771967,0.024118305894010064
31.437036776521897,0.11332714632771967,0.024132402241541652
31.537036776521898,0.11432714632771968,0.024145893056407193
31.6370367765219,0.11532714632771968,0.02415877549779788
31.737036776521897,0.11632714632771968,0.02417104417110792
31.8370367765219,0.11732714632771966,0.02418269110009691
31.937036776521897,0.11832714632771968,0.024193705651115983
32.0370367765219,0.11932714632771968,0.024204074407401657
32.137036776521896,0.12032714632771968,0.024213780989281234
32.2370367765219,0.12132714632771968,0.024222805813702637
32.3370367765219,0.12232714632771968,0.02423112578360217
32.4370367765219,0.12332714632771968,0.024238713894001992
32.5370367765219,0.12432714632771968,0.0242455387370428
32.637036776521896,0.12532714632771969,0.024251563881918105
32.7370367765219,0.12632714632771969,0.02425674709717607
32.8370367765219,0.1273271463277197,0.024261039371026007
32.9370367765219,0.1283271463277197,0.02426438366849656
33.0370367765219,0.1293271463277197,0.024266713339973985
33.137036776521896,0.1303271463277197,0.024267950059671257
33.2370367765219,0.1313271463277197,0.02426800111811664
33.3370367765219,0.1323271463277197,0.024266755808190946
33.4370367765219,0.1333271463277197,0.024264080509171282
33.5370367765219,0.1343271463277197,0.024259811850415744
33.6370367765219,0.1353271463277197,0.02425374695487435
33.7370367765219,0.1363271463277197,0.024245629080873785
33.8370367765219,0.1373271463277197,0.024235125698649468
33.9370367765219,0.1383271463277197,0.024221793475630058
34.0370367765219,0.1393271463277197,0.02420501912404933
34.1370367765219,0.1403271463277197,0.02418391199305576
34.2370367765219,0.1413271463277197,0.02415708926026107
34.3370367765219,0.14232714632771967,0.024122183195587576
34.4370367765219,0.1433271463277197,0.024074441078267873
34.465979456348414,0.14361657312598486,0.024056852437829283
34.565979456348416,0.14461657312598486,0.023992037922892086
34.66597945634842,0.14561657312598486,0.023927146691232703
34.76597945634842,0.14661657312598486,0.023862174856144613
34.86597945634842,0.14761657312598486,0.023797118321479155
34.965979456348414,0.14861657312598486,0.023731972768157805
35.065979456348416,0.14961657312598486,0.023666733639673133
35.16597945634842,0.15061657312598487,0.023601396126493392
35.26597945634842,0.15161657312598487,0.023535955149278025
35.36597945634842,0.15261657312598487,0.02347040534080306
35.465979456348414,0.15361657312598487,0.02340474102648612
35.565979456348416,0.15461657312598487,0.023338956203391083
35.66597945634842,0.15561657312598487,0.023273044517581547
35.76597945634842,0.15661657312598487,0.02320699923968066
35.86597945634842,0.15761657312598487,0.023140813238482324
35.965979456348414,0.15861657312598487,0.02307447895244531
36.065979456348416,0.15961657312598487,0.02300798835888721
36.16597945634842,0.16061657312598487,0.022941332940679956
36.26597945634842,0.16161657312598487,0.022874503650231835
36.36597945634842,0.16261657312598488,0.022807490870524173
36.46597945634842,0.16361657312598488,0.022740284372952637
36.565979456348416,0.16461657312598488,0.022672873271704655
36.66597945634842,0.16561657312598488,0.022605245974386037
36.76597945634842,0.16661657312598488,0.02253739012859128
36.86597945634842,0.16761657312598488,0.02246929256409464
36.96597945634842,0.16861657312598488,0.022400939230323203
37.065979456348416,0.16961657312598488,0.022332315128760005
37.16597945634842,0.17061657312598488,0.022263404239916646
37.26597945634842,0.17161657312598488,0.02219418944451192
37.36597945634842,0.17261657312598488,0.02212465243849912
37.46597945634842,0.17361657312598489,0.0220547736416024
37.565979456348416,0.1746165731259849,0.021984532099056337
37.66597945634842,0.1756165731259849,0.021913905376297817
37.76597945634842,0.1766165731259849,0.02184286944644198
37.86597945634842,0.1776165731259849,0.02177139857049281
37.96597945634842,0.1786165731259849,0.021699465170403998
38.06597945634842,0.1796165731259849,0.021627039695329992
38.16597945634842,0.1806165731259849,0.021554090481705784
38.26597945634842,0.18161657312598486,0.0214805836081859
38.36597945634842,0.1826165731259849,0.02140648274698056
38.46597945634842,0.1836165731259849,0.021331749013774957
38.56597945634842,0.18461657312598487,0.021256340819236427
38.66597945634842,0.1856165731259849,0.02118021372613468
38.76597945634842,0.1866165731259849,0.021103320317355602
38.86597945634842,0.1876165731259849,0.02102561008161098
38.96597945634842,0.18861657312598487,0.020947029325458836
39.06597945634842,0.1896165731259849,0.020867521122364625
39.16597945634842,0.1906165731259849,0.020787025311938653
39.26597945634842,0.1916165731259849,0.020705478565130126
39.36597945634842,0.19261657312598487,0.02062281453393541
39.46597945634842,0.1936165731259849,0.020538964106899104
39.56597945634842,0.1946165731259849,0.020453855794057747
39.665979456348424,0.1956165731259849,0.020367416266570907
39.76597945634842,0.1966165731259849,0.020279571076526528
39.86597945634842,0.1976165731259849,0.02019024558056979
39.96597945634842,0.1986165731259849,0.0200993660862438
40.06597945634842,0.19961657312598488,0.020006861231368873
40.165979456348424,0.2006165731259849,0.019912663593672594
40.26597945634842,0.20161657312598488,0.019816711509817644
40.36597945634842,0.2026165731259849,0.01971895106021866
40.46597945634842,0.2036165731259849,0.01961933814983016
40.56597945634842,0.2046165731259849,0.01951784058788594
40.665979456348424,0.2056165731259849,0.019414440045105386
40.76597945634842,0.20661657312598491,0.019309133749845258
40.86597945634842,0.2076165731259849,0.019201935779983196
40.96597945634842,0.20861657312598492,0.01909287781897649
41.06597945634842,0.20961657312598492,0.0189820092743414
41.16597945634842,0.21061657312598486,0.018869396703266844
41.265979456348425,0.2116165731259849,0.018755122548096338
41.3114220631305,0.21207099919380568,0.0187026699141415
41.411422063130495,0.21307099919380568,0.018586068222097987
41.511422063130496,0.21407099919380568,0.018468044968384913
41.6114220631305,0.21507099919380568,0.018348894541059896
41.7114220631305,0.21607099919380568,0.01822885430071936
41.8114220631305,0.21707099919380568,0.01810811878837463
41.9114220631305,0.21807099919380568,0.01798684971525522
42.011422063130496,0.21907099919380568,0.01786518316643527
42.1114220631305,0.22007099919380568,0.01774323490981344
42.2114220631305,0.22107099919380568,0.01762110438385357
42.3114220631305,0.22207099919380568,0.017498877743437186
42.4114220631305,0.22307099919380569,0.017376630221083555
42.511422063130496,0.2240709991938057,0.01725442798185538
42.6114220631305,0.2250709991938057,0.017132329597986922
42.7114220631305,0.2260709991938057,0.017010387233890915
42.8114220631305,0.2270709991938057,0.01688864760778953
42.9114220631305,0.2280709991938057,0.016767152779074833
43.011422063130496,0.2290709991938057,0.016645940798276863
43.1114220631305,0.2300709991938057,0.016525046247667347
43.2114220631305,0.2310709991938057,0.016404500694035647
43.3114220631305,0.2320709991938057,0.016284333070353648
43.4114220631305,0.2330709991938057,0.016164569999427062
43.511422063130496,0.2340709991938057,0.016045236069884065
43.6114220631305,0.2350709991938057,0.015926354072748197
43.7114220631305,0.2360709991938057,0.015807945205215362
43.8114220631305,0.2370709991938057,0.015690029246986467
43.9114220631305,0.2380709991938057,0.015572624713510346
44.0114220631305,0.2390709991938057,0.015455748989702521
44.1114220631305,0.2400709991938057,0.015339418447076217
44.2114220631305,0.2410709991938057,0.015223648546717226
44.3114220631305,0.2420709991938057,0.015108453930126655
44.4114220631305,0.24307099919380568,0.014993848499624613
44.5114220631305,0.2440709991938057,0.014879845489737533
44.6114220631305,0.2450709991938057,0.01476645753077011
44.7114220631305,0.2460709991938057,0.014653696705579604
44.8114220631305,0.2470709991938057,0.014541574600418793
44.9114220631305,0.2480709991938057,0.014430102350587353
45.0114220631305,0.2490709991938057,0.014319290681526025
45.1114220631305,0.2500709991938057,0.014209149945899158
45.2114220631305,0.2510709991938057,0.014099690157136609
45.3114220631305,0.2520709991938057,0.013990921019842678
45.4114220631305,0.2530709991938057,0.013882851957426235
45.5114220631305,0.2540709991938057,0.01377549213726036
45.611422063130505,0.2550709991938057,0.01366885049364091
45.7114220631305,0.2560709991938057,0.013562935748779844
45.8114220631305,0.2570709991938057,0.013457756432040368
45.9114220631305,0.2580709991938057,0.01335332089759623
46.0114220631305,0.2590709991938057,0.013249637340675897
46.1114220631305,0.26007099919380566,0.013146713812533862
46.2114220631305,0.2610709991938057,0.01304455823427507
46.3114220631305,0.2620709991938057,0.012943178409644466
46.4114220631305,0.2630709991938057,0.012842582036881161
46.5114220631305,0.2640709991938057,0.012742776719726203
46.611422063130505,0.2650709991938057,0.012643769977663283
46.7114220631305,0.2660709991938057,0.012545569255463416
46.8114220631305,0.26707099919380567,0.012448181932097518
46.9114220631305,0.2680709991938057,0.012351615329073945
47.0114220631305,0.2690709991938057,0.01225587671825283
47.111422063130505,0.2700709991938057,0.012160973329183507
47.211422063130506,0.27107099919380573,0.012066912356007195
47.3114220631305,0.2720709991938057,0.011973700963962913
47.4114220631305,0.27307099919380573,0.011881346295531031
47.5114220631305,0.27407099919380573,0.01178985547624587
47.611422063130505,0.27507099919380573,0.011699235620205655
47.7114220631305,0.2760709991938057,0.011609493835305811
47.8114220631305,0.27707099919380573,0.011520637228219197
47.9114220631305,0.27807099919380573,0.01143267290914492
48.0114220631305,0.27907099919380574,0.011345607996345404
48.111422063130505,0.28007099919380574,0.01125944962048985
48.211422063130506,0.28107099919380574,0.01117420492882075
48.3114220631305,0.28207099919380574,0.0110898810891587
48.4114220631305,0.28307099919380574,0.011006485293759529
48.5114220631305,0.28407099919380574,0.010924024763036855
48.611422063130505,0.28507099919380574,0.010842506749161936
48.711422063130506,0.28607099919380574,0.010761938539551954
48.81142206313051,0.28707099919380574,0.010682327460257083
48.9114220631305,0.28807099919380574,0.010603680879255766
49.0114220631305,0.28907099919380574,0.010526006209667267
49.111422063130505,0.29007099919380575,0.01044931091288958
49.211422063130506,0.29107099919380575,0.010373602501670662
49.31142206313051,0.29207099919380575,0.010298888543119996
49.4114220631305,0.29307099919380575,0.010225176661667508
49.5114220631305,0.29407099919380575,0.010152474541976023
49.611422063130505,0.29507099919380575,0.010080789931813397
49.711422063130506,0.29607099919380575,0.010010130644889951
49.81142206313051,0.29707099919380575,0.009940504563666571
49.9114220631305,0.29807099919380575,0.009871919642138547
50.0114220631305,0.29907099919380575,0.009804383908600053
50.111422063130505,0.30007099919380575,0.00973790546839379
50.211422063130506,0.30107099919380576,0.009672492506650273
50.31142206313051,0.30207099919380576,0.009608153291020903
50.41142206313051,0.30307099919380576,0.009544896174408955
50.5114220631305,0.3040709991938058,0.009482729597702353
50.6114220631305,0.3050709991938057,0.009421662092511988
50.711422063130506,0.30607099919380576,0.009361702283919202
50.81142206313049,0.3070709991938057,0.009302858893236158
50.91142206313048,0.30807099919380565,0.009245140740782289
51.011422063130496,0.30907099919380576,0.009188556748680425
51.1114220631305,0.31007099919380576,0.009133115943675853
51.21142206313049,0.31107099919380576,0.009078827459981474
51.31142206313049,0.31207099919380576,0.009025700542152416
51.411422063130495,0.31307099919380577,0.008973744547993169
51.511422063130496,0.31407099919380577,0.00892296895150045
51.6114220631305,0.31507099919380577,0.008873383345844895
51.7114220631305,0.31607099919380577,0.008824997446394702
51.81142206313049,0.31707099919380577,0.008777821093784386
51.911422063130495,0.31807099919380577,0.008731864257031688
52.011422063130496,0.31907099919380577,0.008687137036705846
52.1114220631305,0.32007099919380577,0.008643649668150398
52.2114220631305,0.3210709991938058,0.008601412524763626
52.31142206313049,0.3220709991938058,0.008560436121339957
52.411422063130495,0.3230709991938058,0.008520731117475516
52.511422063130496,0.3240709991938058,0.008482308321041217
52.6114220631305,0.3250709991938057,0.008445178691726703
52.7114220631305,0.3260709991938057,0.008409353344658628
52.72048019181703,0.326161580480671,0.008406173047996894
52.82048019181703,0.327161580480671,0.008371315563809038
52.92048019181703,0.328161580480671,0.008336837647921355
53.02048019181703,0.329161580480671,0.008302730877187968
53.12048019181703,0.330161580480671,0.008268987546996715
53.22048019181703,0.331161580480671,0.008235600614514435
53.32048019181703,0.332161580480671,0.008202563648622804
53.420480191817035,0.333161580480671,0.008169870785676648
53.52048019181703,0.334161580480671,0.008137516690351919
53.62048019181703,0.335161580480671,0.008105496520962638
53.72048019181703,0.336161580480671,0.00807380589871919
53.82048019181703,0.337161580480671,0.008042440880478395
53.920480191817035,0.338161580480671,0.008011397934601214
54.02048019181703,0.339161580480671,0.007980673919589223
54.12048019181703,0.340161580480671,0.007950266065218089
54.22048019181703,0.341161580480671,0.007920171955926161
54.32048019181703,0.342161580480671,0.007890389516250844
54.420480191817035,0.343161580480671,0.007860916998134924
54.52048019181703,0.344161580480671,0.007831752969950912
54.62048019181703,0.345161580480671,0.007802896307113809
54.72048019181703,0.346161580480671,0.007774346184172656
54.82048019181703,0.34716158048067103,0.007746102068288675
54.920480191817035,0.34816158048067103,0.007718163714023624
55.020480191817036,0.34916158048067103,0.0076905311593761854
55.12048019181703,0.35016158048067103,0.007663204723017222
55.22048019181703,0.35116158048067103,0.007636185002686837
55.32048019181703,0.35216158048067103,0.007609472874727429
55.420480191817035,0.35316158048067103,0.007583069494737787
55.520480191817036,0.35416158048067103,0.007556976299343696
55.62048019181703,0.35516158048067104,0.007531195009090774
55.72048019181703,0.35616158048067104,0.007505727632475586
55.82048019181703,0.35716158048067104,0.00748057647114149
55.920480191817035,0.35816158048067104,0.007455744126276474
56.020480191817036,0.35916158048067104,0.007431233506261568
56.12048019181703,0.36016158048067104,0.0074070478356304086
56.22048019181703,0.36116158048067104,0.007383190665413501
56.32048019181703,0.36216158048067104,0.007359665884954808
56.420480191817035,0.36316158048067104,0.00733647773530381
56.520480191817036,0.36416158048067104,0.007313630824303377
56.62048019181704,0.36516158048067104,0.007291130143513076
56.72048019181703,0.36616158048067105,0.007268981087129267
56.82048019181703,0.36716158048067105,0.0072471894730879415
56.920480191817035,0.36816158048067105,0.007225761566564422
57.020480191817036,0.36916158048067105,0.007204704106116262
57.12048019181704,0.37016158048067105,0.007184024332752922
57.22048019181703,0.37116158048067105,0.007163730022258819
57.32048019181703,0.37216158048067105,0.007143829521146556
57.420480191817035,0.37316158048067105,0.007124331786675651
57.520480191817036,0.37416158048067105,0.007105246431440884
57.62048019181704,0.37516158048067105,0.007086583773115392
57.72048019181703,0.37616158048067105,0.00706835489002962
57.82048019181703,0.37716158048067105,0.007050571683381226
57.920480191817035,0.37816158048067106,0.007033246947007305
58.020480191817036,0.37916158048067106,0.007016394445813708
58.12048019181704,0.38016158048067106,0.0070000290041532555
58.22048019181704,0.38116158048067106,0.006984166605683349
58.32048019181703,0.38216158048067106,0.006968824506524226
58.420480191817035,0.38316158048067106,0.006954021363895096
58.520480191817036,0.38416158048067106,0.006939777382843886
58.62048019181704,0.38516158048067106,0.006926114484229627
58.72048019181704,0.38616158048067106,0.0069130564977940455
58.82048019181703,0.38716158048067106,0.006900629385009608
58.920480191817035,0.38816158048067106,0.006888861497467
59.020480191817036,0.38916158048067107,0.006877783877935938
59.12048019181704,0.39016158048067107,0.006867430612994455
59.22048019181704,0.39116158048067107,0.0068578392484046355
59.32048019181703,0.39216158048067107,0.006849051281399255
59.420480191817035,0.39316158048067107,0.0068411127479906676
59.520480191817036,0.39416158048067107,0.006834074928686305
59.62048019181704,0.39516158048067107,0.006827995203123159
59.72048019181704,0.39616158048067107,0.006822938093893301
59.82048019181704,0.3971615804806711,0.006818976553382119
59.920480191817035,0.3981615804806711,0.006816193566541043
60.020480191817036,0.3991615804806711,0.006814684169893939
60.12048019181704,0.4001615804806711,0.006814558027048696
60.22048019181704,0.4011615804806711,0.0068159427605534355
60.32048019181704,0.4021615804806711,0.006818988330757367
60.38844568392398,0.40284123540174055,0.0068220957195958935
60.488445683923985,0.40384123540174055,0.0068297207718563836
60.588445683923986,0.40484123540174055,0.006841862367752371
60.68844568392399,0.40584123540174055,0.006858098903638939
60.78844568392398,0.40684123540174055,0.0068780050787220475
60.88844568392398,0.40784123540174055,0.006901152187848314
60.988445683923985,0.40884123540174055,0.00692710842156774
61.088445683923986,0.40984123540174056,0.006955439172912726
61.18844568392399,0.41084123540174056,0.006985707350309408
61.28844568392399,0.41184123540174056,0.007017473696012207
61.38844568392398,0.41284123540174056,0.007050297109429441
61.488445683923985,0.41384123540174056,0.00708373497468737
61.588445683923986,0.41484123540174056,0.007117343491761894
61.68844568392399,0.41584123540174056,0.007150678010491823
61.78844568392399,0.41684123540174056,0.007183293366774946
61.88844568392398,0.41784123540174056,0.007214744220238363
61.988445683923985,0.41884123540174056,0.007244585392667695
62.088445683923986,0.41984123540174056,0.0072723722064758625
62.18844568392399,0.42084123540174057,0.007297660822491249
62.28844568392399,0.42184123540174057,0.0073200085763471855
62.38844568392398,0.42284123540174057,0.007338974312759769
62.488445683923985,0.42384123540174057,0.007354118716989138
62.588445683923986,0.42484123540174057,0.0073650046427902825
62.68844568392399,0.42584123540174057,0.007371197436173327
62.78844568392399,0.42684123540174057,0.007372265254309736
62.88844568392399,0.42784123540174057,0.007367779378940168
62.962112352394215,0.42857790208644286,0.007360673935405551
63.062112352394216,0.42957790208644286,0.0073459423319268136
63.16211235239422,0.43057790208644287,0.0073262070168484674
63.26211235239422,0.43157790208644287,0.007302269231807958
63.36211235239421,0.43257790208644287,0.007274802867841816
63.462112352394215,0.43357790208644287,0.007244383137644262
63.562112352394216,0.43457790208644287,0.007211507619453828
63.66211235239422,0.43557790208644287,0.007176612025497373
63.76211235239422,0.43657790208644287,0.007140082237272795
63.86211235239422,0.43757790208644287,0.007102263645471773
63.962112352394215,0.4385779020864429,0.007063468509278937
64.06211235239422,0.4395779020864429,0.007023981837602935
64.16211235239422,0.4405779020864429,0.006984066152279259
64.26211235239421,0.4415779020864429,0.006943965395626885
64.36211235239422,0.4425779020864429,0.006903908176613909
64.46211235239421,0.4435779020864429,0.006864110501595967
64.56211235239422,0.4445779020864429,0.006824778100870362
64.66211235239422,0.4455779020864429,0.006786108437011954
64.76211235239421,0.4465779020864429,0.006748292462358358
64.86211235239422,0.4475779020864429,0.006711516179209036
64.96211235239421,0.4485779020864429,0.006675962045996256
65.06211235239422,0.4495779020864429,0.006641810264967929
65.16211235239422,0.4505779020864429,0.006609239981153583
65.26211235239421,0.4515779020864429,0.006578430418111237
65.36211235239422,0.4525779020864429,0.006549561972852725
65.46211235239421,0.4535779020864429,0.006522817290190819
65.56211235239422,0.4545779020864429,0.006498382335386703
65.66211235239422,0.4555779020864429,0.006476447483298119
65.76211235239421,0.4565779020864429,0.006457208642177553
65.86211235239422,0.4575779020864429,0.006440868430823864
65.96211235239421,0.4585779020864429,0.006427637428961315
66.06211235239422,0.4595779020864429,0.006417735522552949
66.16211235239422,0.4605779020864429,0.006411393368332852
66.26211235239421,0.4615779020864429,0.006408854005289232
66.35830190618933,0.4625397976243939,0.006410239075288793
66.45830190618932,0.4635397976243939,0.0064139254611176475
66.55830190618931,0.4645397976243939,0.006418037154267333
66.65830190618932,0.4655397976243939,0.006422579067900909
66.75830190618932,0.4665397976243939,0.006427556367184996
66.85830190618933,0.4675397976243939,0.0064329744792419805
66.95830190618932,0.4685397976243939,0.006438839103847622
67.05830190618931,0.4695397976243939,0.006445156224928986
67.15830190618932,0.4705397976243939,0.006451932122923267
67.25830190618932,0.4715397976243939,0.00645917338806422
67.35830190618933,0.4725397976243939,0.0064668869346697945
67.45830190618932,0.4735397976243939,0.00647508001651227
67.55830190618931,0.4745397976243939,0.00648376024336072
67.65830190618932,0.4755397976243939,0.006492935598795224
67.75830190618932,0.4765397976243939,0.006502614459402965
67.85830190618933,0.4775397976243939,0.00651280561547842
67.95830190618932,0.4785397976243939,0.006523518293363393
68.05830190618931,0.4795397976243939,0.00653476217957794
68.15830190618932,0.4805397976243939,0.006546547446910499
68.25830190618932,0.4815397976243939,0.006558884782655148
68.35830190618933,0.4825397976243939,0.0065717854192060415
68.45830190618932,0.4835397976243939,0.006585261167244417
68.55830190618933,0.4845397976243939,0.0065993244517823105
68.65830190618932,0.4855397976243939,0.006613988351360034
68.75830190618932,0.4865397976243939,0.006629266640732215
68.85830190618933,0.4875397976243939,0.006645173837420463
68.95830190618932,0.4885397976243939,0.006661725252560667
69.05830190618933,0.4895397976243939,0.006678937046530506
69.15830190618932,0.4905397976243939,0.006696826289909502
69.25830190618932,0.4915397976243939,0.006715411030401488
69.35830190618933,0.4925397976243939,0.006734710366439645
69.45830190618932,0.4935397976243939,0.006754744528299909
69.55830190618933,0.49453979762439393,0.006775534967672375
69.65830190618932,0.49553979762439393,0.006797104456786103
69.75830190618932,0.49653979762439393,0.00681947719835494
69.85830190618933,0.49753979762439393,0.006842678947816208
69.95830190618932,0.49853979762439393,0.006866737149577157
70.05830190618933,0.49953979762439393,0.006891681089274813
70.15830190618932,0.5005397976243939,0.006917542064403805
70.25830190618932,0.5015397976243939,0.006944353576087766
70.35830190618933,0.5025397976243939,0.006972151545280322
70.45830190618932,0.5035397976243939,0.0070009745573033156
70.55830190618933,0.5045397976243939,0.007030864139391662
70.65830190618932,0.5055397976243939,0.007061865076852367
70.75830190618932,0.5065397976243939,0.0070940257746080135
70.85830190618933,0.5075397976243939,0.007127398672345134
70.95830190618932,0.5085397976243939,0.0071620407233088015
71.05830190618933,0.5095397976243939,0.00719801394908757
71.15830190618932,0.5105397976243939,0.007235386085667502
71.25830190618932,0.5115397976243939,0.00727423133980459
71.35830190618933,0.512539797624394,0.007314631279651773
71.45830190618932,0.513539797624394,0.007356675889970116
71.55830190618933,0.514539797624394,0.007400464830702973
71.65830190618932,0.515539797624394,0.00744610894897956
71.75830190618933,0.516539797624394,0.007493732109872664
71.85830190618933,0.517539797624394,0.007543473432125496
71.95830190618932,0.518539797624394,0.007595490044063869
72.05830190618933,0.519539797624394,0.0076499605157881925
72.15830190618932,0.520539797624394,0.007707089182328518
72.25830190618933,0.521539797624394,0.007767111657980182
72.35830190618933,0.522539797624394,0.007830301969488924
72.45830190618932,0.523539797624394,0.00789698193004837
72.55830190618933,0.524539797624394,0.00796753367996068
72.65830190618932,0.525539797624394,0.008042416809119553
72.75830190618933,0.526539797624394,0.00812219229092631
72.85830190618933,0.527539797624394,0.00820755686584777
72.95830190618932,0.528539797624394,0.008299394060540512
73.05830190618933,0.529539797624394,0.008398852887679645
73.15830190618932,0.530539797624394,0.008507475152692524
73.25830190618933,0.531539797624394,0.008627414040103332
73.35830190618933,0.532539797624394,0.008761839576121035
73.45830190618932,0.533539797624394,0.008915773716763753
73.55830190618933,0.534539797624394,0.009098091372103122
73.65830190618932,0.535539797624394,0.009327643103486535
73.67468789928063,0.5357036575553069,0.009372459641475324
73.77468789928062,0.5367036575553069,0.009165619057858712
73.87468789928062,0.5377036575553069,0.008825890739592805
73.97468789928062,0.5387036575553069,0.008504721240741728
74.07468789928062,0.5397036575553069,0.008216434374048523
74.17468789928063,0.5407036575553069,0.007962396600906719
74.27468789928062,0.5417036575553069,0.007741204686559643
74.37468789928062,0.5427036575553069,0.00755082846738383
74.47468789928062,0.5437036575553069,0.007389201028772186
74.57468789928062,0.5447036575553069,0.007254392802148386
74.67468789928063,0.5457036575553069,0.007144654585288219
74.77468789928062,0.5467036575553069,0.007058416461247987
74.87468789928062,0.5477036575553069,0.006994272424808953
74.90182479692487,0.5479750265317493,0.006980509220897915
75.00182479692486,0.5489750265317493,0.006938758453941334
75.10182479692486,0.5499750265317493,0.006905436218402347
75.20182479692487,0.5509750265317493,0.006877347168264228
75.30182479692486,0.5519750265317493,0.006852889741423071
75.40182479692487,0.5529750265317493,0.006831124879162304
75.50182479692486,0.5539750265317493,0.006811445536264949
75.60182479692486,0.5549750265317493,0.006793431945474897
75.70182479692487,0.5559750265317494,0.006776779044789087
75.80182479692486,0.5569750265317494,0.006761256434957749
75.90182479692487,0.5579750265317494,0.006746684643272689
76.00182479692486,0.5589750265317494,0.006732920242858568
76.10182479692486,0.5599750265317494,0.006719846093022789
76.20182479692487,0.5609750265317494,0.006707364695046143
76.30182479692486,0.5619750265317494,0.0066953935240951865
76.40182479692487,0.5629750265317494,0.006683861659155145
76.50182479692486,0.5639750265317494,0.006672707291141722
76.60182479692486,0.5649750265317494,0.0066618758402689085
76.70182479692487,0.5659750265317494,0.0066513185052249684
76.80182479692486,0.5669750265317494,0.006640991123931658
76.90182479692487,0.5679750265317494,0.0066308532624504805
77.00182479692486,0.5689750265317494,0.006620867472816593
77.10182479692486,0.5699750265317494,0.006610998676844429
77.20182479692487,0.5709750265317494,0.00660121364404986
77.30182479692486,0.5719750265317494,0.0065914805394986795
77.40182479692487,0.5729750265317494,0.006581768522710814
77.50182479692486,0.5739750265317494,0.006572047382422273
77.60182479692486,0.5749750265317494,0.006562287194482236
77.70182479692487,0.5759750265317494,0.006552457991727524
77.80182479692486,0.5769750265317494,0.006542529435505316
77.90182479692487,0.5779750265317494,0.006532470478698929
78.00182479692486,0.5789750265317494,0.006522249009674442
78.10182479692487,0.5799750265317494,0.006511831465468097
78.20182479692487,0.5809750265317494,0.006501182400666528
78.30182479692486,0.5819750265317494,0.006490263995598673
78.40182479692487,0.5829750265317494,0.006479035483347014
78.50182479692486,0.5839750265317494,0.006467452469212362
78.60182479692487,0.5849750265317494,0.006455466107886927
78.70182479692487,0.5859750265317494,0.006443022091552142
78.80182479692486,0.5869750265317494,0.006430059384609378
78.90182479692487,0.5879750265317494,0.006416508614868936
79.00182479692486,0.5889750265317494,0.00640228999199878
79.10182479692487,0.5899750265317494,0.006387310563829705
79.20182479692487,0.5909750265317494,0.006371460525743066
79.30182479692486,0.5919750265317494,0.006354608142631715
79.40182479692487,0.5929750265317494,0.006336592579551777
79.50182479692486,0.5939750265317494,0.00631721347325997
79.60182479692487,0.5949750265317494,0.006296215219526375
79.70182479692487,0.5959750265317494,0.0062732622734993715
79.80182479692486,0.5969750265317494,0.006247898240466173
79.90182479692487,0.5979750265317494,0.006219473476928863
80.00182479692486,0.5989750265317494,0.006187005282682041
80.10182479692487,0.5999750265317494,0.00614887319959859
80.20182479692487,0.6009750265317494,0.00610202257417554
80.30182479692486,0.6019750265317494,0.00603910839743119
80.40182479692487,0.6029750265317494,0.005924094647345651
80.42063161409656,0.6031630947034663,0.005839968929679671
80.49314074523068,0.6038881860148074,0.0007403170977716111
80.59314074523067,0.6028881860148074,-0.0006429810152104132
80.69314074523068,0.6018881860148074,-0.0013424099764253006
80.79314074523067,0.6008881860148074,-0.0018629182910447485
80.89314074523067,0.5998881860148074,-0.002291061549887664
80.99017719382518,0.5989178215288624,-0.0026506878579344926
81.09017719382517,0.5979178215288624,-0.0029745326233506036
81.19017719382518,0.5969178215288624,-0.003260577641924439
81.29017719382517,0.5959178215288624,-0.0035197464276841917
81.39017719382517,0.5949178215288624,-0.003758270967343071
81.49017719382518,0.5939178215288624,-0.003980109026731669
81.59017719382517,0.5929178215288624,-0.0041879609086873425
81.69017719382518,0.5919178215288624,-0.004383766154368459
81.79017719382517,0.5909178215288624,-0.0045689726975982935
81.89017719382517,0.5899178215288624,-0.00474469433133929
81.99017719382518,0.5889178215288624,-0.004911808447664227
82.09017719382517,0.5879178215288624,-0.005071019635261128
82.19017719382518,0.5869178215288624,-0.005222902686250519
82.29017719382517,0.5859178215288624,-0.005367932626618006
82.39017719382518,0.5849178215288624,-0.005506506261883726
82.49017719382518,0.5839178215288624,-0.005638957998255856
82.59017719382517,0.5829178215288624,-0.005765571695804079
82.69017719382518,0.5819178215288624,-0.005886589705688248
82.79017719382517,0.5809178215288624,-0.006002219867170048
82.89017719382518,0.5799178215288624,-0.0061126409990004986
82.99017719382518,0.5789178215288624,-0.006218007261257588
83.09017719382517,0.5779178215288624,-0.006318451657101581
83.19017719382518,0.5769178215288624,-0.006414088870743227
83.29017719382517,0.5759178215288624,-0.006505017586763757
83.39017719382518,0.5749178215288624,-0.006591322399559423
83.49017719382518,0.5739178215288624,-0.0066730753954349
83.59017719382517,0.5729178215288624,-0.006750337470658316
83.69017719382518,0.5719178215288624,-0.006823159434547603
83.74957577142969,0.5713238357528172,-0.006864330090403996
83.8495757714297,0.5703238357528172,-0.006927307012505439
83.94957577142969,0.5693238357528172,-0.00698086323233104
84.0495757714297,0.5683238357528172,-0.007025915384517919
84.1495757714297,0.5673238357528172,-0.007063316367537584
84.24957577142969,0.5663238357528172,-0.00709386451344315
84.3495757714297,0.5653238357528172,-0.007118311500136836
84.44957577142969,0.5643238357528172,-0.007137369246709745
84.5495757714297,0.5633238357528172,-0.007151715985337968
84.6495757714297,0.5623238357528172,-0.00716200166730406
84.74957577142969,0.5613238357528172,-0.007168852833213751
84.8495757714297,0.5603238357528172,-0.00717287705642129
84.94957577142969,0.5593238357528172,-0.0071746670526346285
85.0495757714297,0.5583238357528172,-0.007174804536608907
85.1495757714297,0.5573238357528172,-0.007173863898009312
85.24957577142969,0.5563238357528172,-0.007172415762408557
85.3495757714297,0.5553238357528172,-0.0071710304996290665
85.44957577142969,0.5543238357528172,-0.007170281740035971
85.5495757714297,0.5533238357528172,-0.007170749959849919
85.6495757714297,0.5523238357528172,-0.007173026199110417
85.74957577142969,0.5513238357528172,-0.0071777159807343205
85.8495757714297,0.5503238357528172,-0.007185443506466878
85.94957577142969,0.5493238357528172,-0.007196856215861108
86.0495757714297,0.5483238357528172,-0.007212629808392689
86.1495757714297,0.5473238357528172,-0.007233473847331737
86.24957577142969,0.5463238357528172,-0.0072601380883133395
86.3495757714297,0.5453238357528172,-0.007293419707425115
86.44957577142969,0.5443238357528172,-0.007334171645494427
86.5495757714297,0.5433238357528172,-0.007383312340513601
86.6495757714297,0.5423238357528172,-0.007441837193597387
86.74957577142969,0.5413238357528172,-0.007510832212395557
86.77430150695626,0.5410765783975515,-0.007529641414640054
86.87430150695626,0.5400765783975515,-0.0076112746655672015
86.97430150695627,0.5390765783975515,-0.0077024917672196
87.07430150695626,0.5380765783975515,-0.007805963309194084
87.17430150695627,0.5370765783975515,-0.007925389716429015
87.27430150695626,0.5360765783975515,-0.00806587414300699
87.37430150695626,0.5350765783975515,-0.008234124697179959
87.47430150695627,0.5340765783975515,-0.008437589030001937
87.57430150695626,0.5330765783975515,-0.008680537858129271
87.67430150695627,0.5320765783975515,-0.008956862895684276
87.77430150695626,0.5310765783975515,-0.00924840756659297
87.87430150695626,0.5300765783975515,-0.00953594647707101
87.9540658014436,0.5292789354526781,-0.009755010191833868
88.0540658014436,0.5282789354526781,-0.00970620603159215
88.15406580144361,0.5272789354526781,-0.009562712600132138
88.2540658014436,0.5262789354526781,-0.009403445425498803
88.3540658014436,0.5252789354526781,-0.009240312619259622
88.4540658014436,0.5242789354526781,-0.009078022419923806
88.5540658014436,0.5232789354526781,-0.008919080208215918
88.65406580144361,0.5222789354526781,-0.008765080475548158
88.7540658014436,0.5212789354526781,-0.008617179476001768
88.8540658014436,0.5202789354526781,-0.008476306171510642
88.9540658014436,0.5192789354526781,-0.008343270381919564
89.0540658014436,0.5182789354526781,-0.008218824812324676
89.15406580144361,0.5172789354526781,-0.008103704507880987
89.2540658014436,0.5162789354526781,-0.00799865473343787
89.3540658014436,0.5152789354526781,-0.007904452958511885
89.4540658014436,0.5142789354526781,-0.00782192819875008
89.5540658014436,0.5132789354526781,-0.00775197981608876
89.65406580144361,0.5122789354526781,-0.007695597361567854
89.7540658014436,0.5112789354526781,-0.007653882881800843
89.77155828250424,0.5111040106420717,-0.007648183307137178
89.87155828250425,0.5101040106420717,-0.007617056604737855
89.97155828250425,0.5091040106420717,-0.007586043667641527
90.07155828250424,0.5081040106420717,-0.007555156869206431
90.17155828250425,0.5071040106420717,-0.0075244086741926225
90.27155828250424,0.5061040106420717,-0.007493811640580186
90.37155828250425,0.5051040106420717,-0.007463378421422319
90.47155828250425,0.5041040106420717,-0.007433121766734167
90.57155828250424,0.5031040106420717,-0.0074030545254184
90.67155828250425,0.5021040106420717,-0.007373189647228454
90.77155828250424,0.5011040106420717,-0.007343540184770467
90.87155828250425,0.5001040106420717,-0.007314119295544942
90.97155828250425,0.49910401064207166,-0.007284940244029164
91.07155828250424,0.49810401064207166,-0.007256016403801517
91.17155828250425,0.49710401064207166,-0.007227361259708778
91.27155828250424,0.49610401064207166,-0.007198988410077586
91.37155828250425,0.49510401064207166,-0.007170911568971267
91.47155828250425,0.49410401064207166,-0.007143144568493253
91.57155828250424,0.49310401064207166,-0.007115701361138374
91.67155828250425,0.49210401064207165,-0.007088596022193331
91.77155828250424,0.49110401064207165,-0.007061842752187714
91.87155828250425,0.49010401064207165,-0.007035455879396952
91.97155828250425,0.48910401064207165,-0.00700944986239866
92.07155828250426,0.48810401064207165,-0.006983839292683837
92.17155828250425,0.48710401064207165,-0.006958638897324501
92.27155828250424,0.48610401064207165,-0.0069338635416993115
92.37155828250425,0.48510401064207165,-0.0069095282322788314
92.47155828250425,0.48410401064207165,-0.006885648119472129
92.57155828250426,0.48310401064207165,-0.00686223850053647
92.67155828250425,0.48210401064207165,-0.006839314822551889
92.77155828250424,0.48110401064207164,-0.0068168926854625415
92.87155828250425,0.48010401064207164,-0.006794987845186729
92.97155828250425,0.47910401064207164,-0.006773616216797638
93.07155828250426,0.47810401064207164,-0.006752793877776809
93.17155828250425,0.47710401064207164,-0.006732537071342513
93.27155828250424,0.47610401064207164,-0.006712862209855217
93.37155828250425,0.47510401064207164,-0.006693785878302426
93.47155828250425,0.47410401064207164,-0.006675324837865275
93.57155828250426,0.47310401064207164,-0.006657496029569305
93.67155828250425,0.47210401064207164,-0.006640316578021961
93.77155828250424,0.47110401064207164,-0.006623803795239425
93.87155828250425,0.47010401064207163,-0.00660797518456551
93.97155828250425,0.46910401064207163,-0.006592848444685404
94.07155828250426,0.46810401064207163,-0.0065784414737372
94.17155828250425,0.46710401064207163,-0.006564772373524196
94.27155828250424,0.46610401064207163,-0.006551859453831131
94.37155828250425,0.46510401064207163,-0.0065397212368475425
94.47155828250425,0.46410401064207163,-0.00652837646170166
94.57155828250426,0.46310401064207163,-0.006517844089108264
94.67155828250425,0.4621040106420716,-0.006508143306134154
94.77155828250424,0.4611040106420716,-0.006499293531084954
94.87155828250425,0.4601040106420716,-0.006491314418517154
94.97155828250425,0.4591040106420716,-0.006484225864379395
95.07155828250426,0.4581040106420716,-0.006478048011287212
95.17155828250425,0.4571040106420716,-0.006472801253935554
95.27155828250426,0.4561040106420716,-0.006468506244653611
95.37155828250425,0.4551040106420716,-0.006465183899106612
95.47155828250425,0.4541040106420716,-0.006462855402149496
95.57155828250426,0.4531040106420716,-0.0064615422138374606
95.67155828250425,0.4521040106420716,-0.006461266075598713
95.77155828250426,0.4511040106420716,-0.006462049016574822
95.87155828250425,0.4501040106420716,-0.006463913360134405
95.97155828250425,0.4491040106420716,-0.006466881730566015
96.07155828250426,0.4481040106420716,-0.0064709770599564315
96.17155828250425,0.4471040106420716,-0.006476222595260694
96.27155828250426,0.4461040106420716,-0.006482641905570585
96.37155828250425,0.4451040106420716,-0.006490258889588458
96.47155828250425,0.4441040106420716,-0.006499097783313672
96.57155828250426,0.4431040106420716,-0.006509183167949108
96.67155828250425,0.4421040106420716,-0.006520539978035629
96.77155828250426,0.4411040106420716,-0.006533193509822659
96.87155828250425,0.4401040106420716,-0.006547169429883361
96.97155828250425,0.4391040106420716,-0.006562493783983305
97.07155828250426,0.4381040106420716,-0.0065791930062119135
97.17155828250425,0.4371040106420716,-0.006597293928386271
97.27155828250426,0.4361040106420716,-0.00661682378973746
97.37155828250425,0.4351040106420716,-0.006637810246889884
97.47155828250425,0.4341040106420716,-0.006660281384144582
97.57155828250426,0.4331040106420716,-0.006684265724078021
97.67155828250425,0.4321040106420716,-0.006709792238468341
97.77155828250426,0.4311040106420716,-0.006736890359561573
97.87155828250425,0.4301040106420716,-0.006765589991690957
97.97155828250425,0.4291040106420716,-0.006795921523263018
98.03743501286512,0.4284452433384629,-0.0068168095010905285
98.13743501286513,0.4274452433384629,-0.006862804494228525
98.23743501286512,0.4264452433384629,-0.006935225840887619
98.33743501286513,0.4254452433384629,-0.007032422550672561
98.43743501286512,0.4244452433384629,-0.007152552259707357
98.53743501286513,0.4234452433384629,-0.007293435276389818
98.63743501286513,0.4224452433384629,-0.007452299611744116
98.73743501286512,0.4214452433384629,-0.007625294298291019
98.83743501286513,0.4204452433384629,-0.007806447844489278
98.93743501286512,0.4194452433384629,-0.007985044905557492
99.03743501286513,0.4184452433384629,-0.008137007593357509
99.13743501286513,0.4174452433384629,-0.008174092829311263
99.15181680570801,0.417301425410034,-0.008147432149562608
99.25181680570802,0.416301425410034,-0.007926879523047395
99.35181680570801,0.415301425410034,-0.00775399416655417
99.45181680570802,0.414301425410034,-0.007611469400756829
99.55181680570801,0.413301425410034,-0.0074907755954661415
99.65181680570801,0.412301425410034,-0.007386967240246548
99.75181680570802,0.411301425410034,-0.007296880272921944
99.85181680570801,0.410301425410034,-0.0072183523041619655
99.95181680570802,0.409301425410034,-0.007149834691835268
100.05181680570803,0.408301425410034,-0.007090179694578016
100.15181680570801,0.407301425410034,-0.007038514876962497
100.251816805708,0.406301425410034,-0.006994164723561858
100.351816805708,0.405301425410034,-0.0069565994997954185
100.45181680570798,0.404301425410034,-0.006925400684186498
100.55181680570797,0.403301425410034,-0.006900236930099847
100.57131371890414,0.4031064562780724,-0.006896010483279635
100.67131371890414,0.4021064562780724,-0.006875543442255788
100.77131371890412,0.4011064562780724,-0.006856367991621528
100.87131371890412,0.4001064562780724,-0.0068384684463425665
100.97131371890411,0.3991064562780724,-0.006821829358533461
101.0713137189041,0.3981064562780724,-0.0068064355111910725
101.17131371890409,0.3971064562780724,-0.006792271912105597
101.27131371890407,0.3961064562780724,-0.006779323787942239
101.37131371890406,0.3951064562780724,-0.006767576578486846
101.47131371890406,0.3941064562780724,-0.006757015931049095
101.57131371890404,0.3931064562780724,-0.00674762769501709
101.67131371890403,0.3921064562780724,-0.006739397916557498
101.77131371890403,0.3911064562780724,-0.006732312833455544
101.871313718904,0.3901064562780724,-0.006726358870089449
101.971313718904,0.3891064562780724,-0.006721522632534087
102.07131371890398,0.3881064562780724,-0.006717790903788833
102.17131371890397,0.3871064562780724,-0.006715150639124782
102.27131371890397,0.3861064562780724,-0.006713588961546695
102.37131371890395,0.3851064562780724,-0.006713093157365184
102.47131371890394,0.3841064562780724,-0.00671365067187484
102.57131371890394,0.3831064562780724,-0.00671524910513413
102.67131371890392,0.3821064562780724,-0.006717876207843066
102.77131371890391,0.3811064562780724,-0.006721519877314773
102.87131371890389,0.3801064562780724,-0.006726168153537224
102.97131371890389,0.3791064562780724,-0.006731809215321502
103.07131371890388,0.3781064562780724,-0.0067384313765331385
103.17131371890386,0.3771064562780724,-0.006746023082403116
103.27131371890385,0.3761064562780724,-0.006754572905915265
103.37131371890385,0.3751064562780724,-0.006764069544266903
103.47131371890383,0.3741064562780724,-0.006774501815399606
103.57131371890382,0.3731064562780724,-0.006785858654597155
103.6713137189038,0.3721064562780724,-0.006798129111147731
103.7713137189038,0.37110645627807237,-0.00681130234506756
103.87131371890379,0.37010645627807237,-0.006825367623883242
103.97131371890377,0.36910645627807237,-0.006840314319470104
104.07131371890377,0.36810645627807237,-0.0068561319049439545
104.17131371890376,0.36710645627807237,-0.006872809951603699
104.27131371890374,0.36610645627807237,-0.00689033812592235
104.37131371890374,0.36510645627807237,-0.006908706186583953
104.47131371890372,0.36410645627807237,-0.006927903981564094
104.57131371890371,0.36310645627807236,-0.00694792144525162
104.6713137189037,0.36210645627807236,-0.006968748595609297
104.77131371890368,0.36110645627807236,-0.006990375531371142
104.87131371890368,0.36010645627807236,-0.007012792429274217
104.97131371890367,0.35910645627807236,-0.007035989541322716
105.07131371890365,0.35810645627807236,-0.007059957192082144
105.17131371890365,0.35710645627807236,-0.007084685776001513
105.27131371890363,0.35610645627807236,-0.007110165754761417
105.37131371890362,0.35510645627807236,-0.007136387654645895
105.47131371890362,0.35410645627807236,-0.007163342063936024
105.5713137189036,0.35310645627807236,-0.0071910196303231755
105.67131371890359,0.35210645627807236,-0.007219411058339885
105.77131371890358,0.35110645627807235,-0.007248507106806288
105.87131371890356,0.35010645627807235,-0.007278298586290081
105.97131371890356,0.34910645627807235,-0.007308776356577961
106.07131371890354,0.34810645627807235,-0.007339931324156508
106.17131371890353,0.34710645627807235,-0.007371754439700443
106.27131371890353,0.34610645627807235,-0.007404236695566193
106.37131371890351,0.34510645627807235,-0.007437369123288698
106.4713137189035,0.34410645627807235,-0.00747114279107935
106.5713137189035,0.34310645627807235,-0.0075055488013229315
106.67131371890348,0.34210645627807235,-0.007540578288071447
106.77131371890347,0.34110645627807235,-0.0075762224145326145
106.87131371890345,0.34010645627807234,-0.0076124723705508456
106.97131371890345,0.33910645627807234,-0.007649319370078467
107.07131371890344,0.33810645627807234,-0.007686754648634864
107.17131371890342,0.33710645627807234,-0.007724769460751229
107.27131371890341,0.33610645627807234,-0.007763355077398528
107.37131371890341,0.33510645627807234,-0.007802502783396226
107.47131371890339,0.33410645627807234,-0.007842203874799262
107.57131371890338,0.33310645627807234,-0.007882449656260719
107.67131371890336,0.33210645627807234,-0.00792323143836752
107.77131371890336,0.33110645627807234,-0.007964540534946427
107.87131371890335,0.33010645627807234,-0.008006368260337545
107.97131371890333,0.32910645627807233,-0.008048705926632399
108.07131371890333,0.32810645627807233,-0.008091544840873629
108.17131371890332,0.32710645627807233,-0.00813487630221314
108.2713137189033,0.32610645627807233,-0.008178691599025529
108.3713137189033,0.32510645627807233,-0.008222982005973435
108.47131371890328,0.32410645627807233,-0.008267738781021328
108.57131371890327,0.32310645627807233,-0.008312953162394119
108.67131371890326,0.32210645627807233,-0.008358616365476884
108.77131371890324,0.3211064562780723,-0.008404719579651694
108.87131371890324,0.3201064562780723,-0.008451253965067532
108.97131371890323,0.3191064562780723,-0.008498210649338988
109.07131371890321,0.3181064562780723,-0.008545580724169267
109.1713137189032,0.3171064562780723,-0.00859335524189283
109.27131371890319,0.3161064562780723,-0.008641525211932793
109.37131371890318,0.3151064562780723,-0.008690081597167885
109.47131371890318,0.3141064562780723,-0.008739015310203631
109.57131371890316,0.3131064562780723,-0.008788317209542082
109.67131371890315,0.3121064562780723,-0.008837978095644098
109.77131371890314,0.3111064562780723,-0.008887988706877941
109.87131371890312,0.3101064562780723,-0.008938339715347602
109.97131371890312,0.3091064562780723,-0.008989021722593865
110.0713137189031,0.3081064562780723,-0.009040025255160762
110.1713137189031,0.3071064562780723,-0.009091340760019734
110.27131371890309,0.3061064562780723,-0.00914295859984323
110.37131371890307,0.3051064562780723,-0.009194869048119165
110.47131371890306,0.3041064562780723,-0.009247062284097041
110.57131371890306,0.3031064562780723,-0.009299528387556044
110.67131371890304,0.3021064562780723,-0.009352257333384843
110.77131371890303,0.3011064562780723,-0.009405238985962218
110.87131371890301,0.3001064562780723,-0.009458463093326933
110.971313718903,0.2991064562780723,-0.009511919281124602
111.071313718903,0.2981064562780723,-0.009565597046318479
111.17131371890298,0.2971064562780723,-0.009619485750650306
111.27131371890297,0.2961064562780723,-0.009673574613836477
111.2905270341697,0.2959143231254049,-0.009683988888650177
111.3905270341697,0.2949143231254049,-0.009738815032817262
111.49052703416969,0.2939143231254049,-0.00979485153514452
111.59052703416967,0.2929143231254049,-0.009852099563534727
111.69052703416966,0.2919143231254049,-0.00991055997298359
111.79052703416964,0.2909143231254049,-0.009970233293626802
111.89052703416964,0.2899143231254049,-0.010031119718609328
111.99052703416963,0.2889143231254049,-0.010093219091789354
112.09052703416961,0.2879143231254049,-0.010156530895290583
112.1905270341696,0.2869143231254049,-0.010221054236917979
112.2905270341696,0.2859143231254049,-0.01028678783745338
112.39052703416958,0.2849143231254049,-0.010353730017848917
112.49052703416957,0.2839143231254049,-0.010421878686337602
112.59052703416955,0.2829143231254049,-0.010491231325482036
112.69052703416955,0.2819143231254049,-0.010561784979183643
112.79052703416954,0.2809143231254049,-0.010633536239676581
112.89052703416952,0.2799143231254049,-0.010706481234531936
112.99052703416952,0.2789143231254049,-0.010780615613699534
113.09052703416951,0.27791432312540487,-0.010855934536616355
113.19052703416949,0.27691432312540487,-0.010932432659412088
113.29052703416949,0.27591432312540487,-0.011010104122244107
113.39052703416947,0.27491432312540487,-0.011088942536795722
113.49052703416946,0.27391432312540487,-0.01116894097397314
113.59052703416945,0.27291432312540487,-0.011250091951838213
113.69052703416943,0.27191432312540487,-0.01133238742381541
113.79052703416943,0.27091432312540487,-0.0114158187672131
113.89052703416942,0.26991432312540486,-0.011500376772100447
113.9905270341694,0.26891432312540486,-0.011586051630582562
114.0905270341694,0.26791432312540486,-0.011672832926517775
114.19052703416938,0.26691432312540486,-0.01176070962572193
114.29052703416937,0.26591432312540486,-0.011849670066705502
114.39052703416937,0.26491432312540486,-0.01193970195199022
114.49052703416935,0.26391432312540486,-0.012030792340052412
114.59052703416934,0.26291432312540486,-0.012122927637940773
114.69052703416934,0.26191432312540486,-0.012216093594616508
114.79052703416932,0.26091432312540486,-0.012310275295063837
114.89052703416931,0.25991432312540486,-0.012405457155218631
114.99052703416929,0.25891432312540485,-0.0125016229177626
115.09052703416928,0.25791432312540485,-0.012598755648829648
115.19052703416928,0.25691432312540485,-0.012696837735670215
115.29052703416926,0.25591432312540485,-0.01279585088531804
115.39052703416925,0.25491432312540485,-0.012895776124302458
115.49052703416925,0.25391432312540485,-0.012996593799447268
115.59052703416923,0.25291432312540485,-0.013098283579795467
115.69052703416922,0.25191432312540485,-0.013200824459696366
115.7905270341692,0.25091432312540485,-0.0133041947630891
115.8905270341692,0.24991432312540485,-0.013408372149013519
115.99052703416919,0.24891432312540485,-0.013513333618375964
116.09052703416917,0.24791432312540485,-0.01361905552199398
116.19052703416916,0.24691432312540484,-0.01372551356993998
116.29052703416916,0.24591432312540484,-0.013832682842199757
116.39052703416914,0.24491432312540484,-0.013940537800657182
116.49052703416913,0.24391432312540484,-0.014049052302411909
116.59052703416911,0.24291432312540484,-0.014158199614431717
116.69052703416911,0.24191432312540484,-0.014267952429536313
116.7905270341691,0.24091432312540484,-0.014378282883703814
116.89052703416908,0.23991432312540484,-0.01448916257468594
116.99052703416908,0.23891432312540484,-0.014600562581912254
117.09052703416907,0.23791432312540484,-0.014712453487658221
117.19052703416905,0.23691432312540484,-0.014824805399446181
117.29052703416905,0.23591432312540486,-0.014937587973642703
117.39052703416905,0.23491432312540483,-0.015050770440210113
117.49052703416906,0.23391432312540483,-0.015164321628564511
117.59052703416906,0.23291432312540486,-0.015278209994487155
117.69052703416907,0.23191432312540483,-0.015392403648030838
117.79052703416907,0.23091432312540483,-0.015506870382357816
117.89052703416907,0.22991432312540483,-0.01562157770344116
117.99052703416905,0.22891432312540483,-0.015736492860556787
118.09052703416904,0.22791432312540483,-0.015851582877489254
118.19052703416904,0.22691432312540483,-0.01596681458437072
118.29052703416902,0.22591432312540483,-0.016082154650068865
118.39052703416901,0.22491432312540482,-0.016197569615036714
118.490527034169,0.22391432312540482,-0.01631302592453471
118.59052703416899,0.22291432312540482,-0.0164284899621333
118.69052703416898,0.22191432312540482,-0.01654392808340276
118.79052703416896,0.22091432312540482,-0.016659306649695886
118.89052703416895,0.21991432312540482,-0.01677459206192869
118.99052703416895,0.21891432312540482,-0.016889750794264115
119.09052703416893,0.21791432312540485,-0.01700474942760435
119.19052703416895,0.21691432312540482,-0.017119554682798414
119.29052703416896,0.21591432312540482,-0.01723413345347296
119.39052703416894,0.21491432312540482,-0.017348452838396672
119.49052703416893,0.21391432312540481,-0.017462480173290648
119.59052703416893,0.21291432312540481,-0.017576183062000574
119.69052703416891,0.2119143231254048,-0.017689529406949567
119.7905270341689,0.2109143231254048,-0.017802487438794562
119.89052703416888,0.20991432312540484,-0.01791502574521305
119.9905270341689,0.2089143231254048,-0.018027113298751757
120.09052703416891,0.2079143231254048,-0.01813871948367335
120.1905270341689,0.2069143231254048,-0.018249814121742505
120.29052703416889,0.2059143231254048,-0.018360367496897765
120.39052703416888,0.2049143231254048,-0.0184703503787612
120.49052703416886,0.20391432312540486,-0.01857973404494328
120.59052703416889,0.2029143231254048,-0.01868849030210611
120.6905270341689,0.2019143231254048,-0.018796591505753822
120.79052703416887,0.2009143231254048,-0.018904010578724675
120.8905270341689,0.19991432312540477,-0.019010721028364923
120.9905270341689,0.19891432312540477,-0.019116696962370283
121.09052703416889,0.19791432312540477,-0.019221913103286244
121.19052703416888,0.1969143231254048,-0.01932634480166368
121.29052703416887,0.1959143231254048,-0.019429968047871643
121.39052703416885,0.1949143231254048,-0.019532759482573974
121.49052703416885,0.19391432312540482,-0.019634696405881197
121.59052703416886,0.1929143231254048,-0.01973575678519381
121.69052703416887,0.1919143231254048,-0.019835919261756953
121.79052703416886,0.1909143231254048,-0.019935163155950952
121.89052703416884,0.18991432312540485,-0.020033468471345378
121.99052703416884,0.18891432312540485,-0.02013081589754803
122.09052703416884,0.18791432312540476,-0.020227186811883024
122.19052703416885,0.18691432312540474,-0.020322563279935275
122.29052703416885,0.18591432312540473,-0.020416928055000772
122.39052703416884,0.18491432312540484,-0.02051026457648439
122.49052703416885,0.1839143231254048,-0.020602556967288778
122.59052703416884,0.18291432312540482,-0.02069379003023933
122.69052703416885,0.1819143231254048,-0.0207839492435917
122.79052703416883,0.18091432312540479,-0.020873020755668995
122.89052703416885,0.17991432312540476,-0.020960991378676727
122.99052703416884,0.17891432312540478,-0.02104784858174389
123.09052703416884,0.17791432312540478,-0.021133580483238865
123.19052703416884,0.17691432312540478,-0.02121817584240866
123.29052703416883,0.17591432312540478,-0.021301624050389833
123.39052703416881,0.17491432312540478,-0.021383915120639037
123.4905270341688,0.17391432312540478,-0.021465039678830424
123.59052703416879,0.17291432312540483,-0.021544988952266333
123.69052703416878,0.17191432312540483,-0.021623754758846845
123.79052703416878,0.17091432312540483,-0.02170132949564255
123.89052703416876,0.16991432312540483,-0.021777706127113813
123.99052703416878,0.1689143231254048,-0.02185287817301844
124.09052703416876,0.16791432312540483,-0.021926839696048174
124.19052703416877,0.1669143231254048,-0.02199958528923327
124.29052703416876,0.1659143231254048,-0.022071110063152304
124.39052703416876,0.1649143231254048,-0.022141409632983472
124.49052703416874,0.1639143231254048,-0.02221048010543146
124.59052703416873,0.1629143231254048,-0.02227831806556254
124.69052703416871,0.1619143231254048,-0.022344920563578872
124.79052703416873,0.16091432312540477,-0.02241028510156133
124.89052703416874,0.15991432312540477,-0.022474409620208375
124.99052703416875,0.15891432312540474,-0.022537292485596997
125.09052703416876,0.15791432312540474,-0.02259893247599
125.19052703416875,0.15691432312540482,-0.022659328768712305
125.29052703416876,0.1559143231254048,-0.0227184809271174
125.39052703416877,0.15491432312540476,-0.02277638888766341
125.49052703416876,0.1539143231254048,-0.02283305294711689
125.59052703416874,0.1529143231254048,-0.022888473749900884
125.69052703416874,0.1519143231254048,-0.022942652275602344
125.79052703416875,0.15091432312540473,-0.022995589826652684
125.89052703416874,0.14991432312540476,-0.023047288016194
125.99052703416874,0.14891432312540478,-0.023097748756142022
126.09052703416874,0.14791432312540478,-0.023146974245455802
126.19052703416875,0.14691432312540476,-0.023194966958623022
126.29052703416876,0.14591432312540475,-0.023241729634368543
126.39052703416877,0.14491432312540473,-0.0232872652645929
126.49052703416876,0.14391432312540478,-0.023331577083546468
126.59052703416877,0.14291432312540472,-0.02337466855724402
126.69052703416877,0.14191432312540478,-0.0234165433731235
126.79052703416878,0.14091432312540475,-0.023457205429952204
126.89052703416877,0.13991432312540478,-0.02349665882798252
126.89175619041659,0.13990203156292647,-0.023497136270152624
126.99175619041658,0.13890203156292646,-0.02353556360892547
127.09175619041658,0.13790203156292646,-0.02357317294529045
127.19175619041656,0.13690203156292646,-0.02360996219447675
127.29175619041655,0.13590203156292646,-0.02364592924743835
127.39175619041653,0.13490203156292646,-0.023681071970448865
127.49175619041652,0.13390203156292646,-0.0237153882046884
127.59175619041652,0.13290203156292646,-0.023748875765822245
127.6917561904165,0.13190203156292646,-0.023781532443571382
127.79175619041649,0.13090203156292646,-0.02381335600127454
127.89175619041649,0.12990203156292646,-0.02384434417544191
127.99175619041647,0.12890203156292646,-0.023874494675300287
128.09175619041645,0.12790203156292645,-0.023903805182329596
128.19175619041644,0.12690203156292645,-0.023932273349790836
128.29175619041644,0.12590203156292645,-0.023959896802245237
128.39175619041643,0.12490203156292645,-0.023986673135064748
128.49175619041642,0.12390203156292647,-0.024012599913933796
128.59175619041642,0.12290203156292645,-0.024037674674342285
128.69175619041644,0.12190203156292645,-0.02406189492106999
128.79175619041644,0.12090203156292645,-0.02408525812766231
128.8917561904164,0.11990203156292646,-0.02410776173589752
128.99175619041642,0.11890203156292645,-0.024129403155245702
129.09175619041645,0.11790203156292645,-0.024150179762319545
129.1917561904164,0.11690203156292646,-0.024170088900317126
129.29175619041644,0.11590203156292644,-0.024189127878457152
129.39175619041643,0.11490203156292646,-0.024207293971406873
129.49175619041642,0.11390203156292644,-0.024224584418703152
129.59175619041642,0.11290203156292646,-0.024240996424167167
129.69175619041644,0.11190203156292644,-0.024256527155313363
129.79175619041644,0.11090203156292645,-0.024271173742753317
129.89175619041643,0.10990203156292645,-0.024284933279595338
129.99175619041642,0.10890203156292645,-0.024297802820840732
130.09175619041642,0.10790203156292645,-0.024309779382777796
130.1917561904164,0.10690203156292645,-0.024320859942374803
130.2917561904164,0.10590203156292644,-0.024331041436673362
130.39175619041643,0.10490203156292643,-0.024340320762183797
130.49175619041642,0.10390203156292643,-0.02434869477428446
130.59175619041642,0.10290203156292645,-0.02435616028662697
130.69175619041638,0.10190203156292645,-0.02436271407054991
130.79175619041638,0.10090203156292644,-0.024368352854503728
130.8917561904164,0.09990203156292643,-0.024373073323489886
130.9917561904164,0.09890203156292643,-0.02437687211851793
131.0917561904164,0.09790203156292644,-0.02437974583608446
131.19175619041638,0.09690203156292644,-0.02438169102767862
131.2917561904164,0.09590203156292643,-0.024382704199319327
131.3917561904164,0.09490203156292643,-0.024382781811130197
131.49175619041642,0.0939020315629264,-0.0243819202769589
131.59175619041642,0.09290203156292642,-0.024380115964048592
131.6917561904164,0.09190203156292642,-0.024377365192770166
131.7917561904164,0.09090203156292642,-0.024373664236425202
131.8917561904164,0.08990203156292642,-0.024369009321130914
131.9917561904164,0.08890203156292642,-0.024363396625799942
132.09175619041636,0.08790203156292642,-0.024356822282229573
132.19175619041636,0.08690203156292645,-0.024349282375317118
132.29175619041638,0.08590203156292642,-0.024340772943420484
132.39175619041637,0.08490203156292643,-0.024331289978885708
132.49175619041637,0.08390203156292643,-0.024320829428766327
132.5917561904164,0.08290203156292641,-0.024309387195763157
132.69175619041638,0.08190203156292644,-0.024296959139417162
132.79175619041638,0.08090203156292641,-0.02428354107759299
132.89175619041637,0.07990203156292641,-0.02426912878829641
132.99175619041637,0.07890203156292641,-0.024253718011875498
133.09175619041636,0.07790203156292638,-0.02423730445366296
133.19175619041636,0.07690203156292642,-0.024219883787126167
133.29175619041638,0.07590203156292642,-0.02420145165760187
133.39175619041637,0.07490203156292645,-0.024182003686704992
133.49175619041637,0.07390203156292642,-0.02416153547751554
133.5917561904164,0.07290203156292642,-0.024140042620664954
133.69175619041638,0.0719020315629264,-0.024117520701463672
133.79175619041638,0.07090203156292643,-0.024093965308236105
133.8917561904164,0.06990203156292642,-0.024069372042058352
133.9917561904164,0.0689020315629264,-0.0240437365281288
134.09175619041642,0.06790203156292639,-0.024017054429043675
134.1917561904164,0.0669020315629264,-0.02398932146030022
134.2917561904164,0.0659020315629264,-0.023960533408411325
134.39175619041637,0.06490203156292641,-0.023930686152090146
134.4917561904164,0.06390203156292638,-0.023899775687054002
134.5917561904164,0.06290203156292641,-0.02386779815510894
134.69175619041638,0.06190203156292641,-0.023834749878313882
134.79175619041638,0.06090203156292641,-0.023800627399194543
134.89175619041637,0.059902031562926436,-0.023765427528190105
134.9917561904164,0.058902031562926394,-0.023729147399783254
135.0917561904164,0.05790203156292639,-0.023691784539101226
135.1917561904164,0.05690203156292638,-0.023653336941203973
135.2917561904164,0.055902031562926405,-0.023613803165823576
135.39175619041637,0.05490203156292642,-0.023573182451025024
135.49175619041637,0.05390203156292643,-0.02353147485017581
135.5917561904164,0.05290203156292636,-0.023488681397813408
135.69175619041638,0.05190203156292639,-0.023444804311588633
135.79175619041638,0.050902031562926386,-0.02339984723958443
135.89175619041637,0.04990203156292636,-0.023353815565173425
135.9917561904164,0.04890203156292634,-0.023306716785487208
136.0917561904164,0.047902031562926425,-0.023258560984975883
136.19175619041638,0.04690203156292637,-0.023209361433113283
136.29175619041638,0.045902031562926396,-0.023159135346082996
136.3917561904164,0.04490203156292637,-0.023107904867871763
136.49175619041637,0.04390203156292641,-0.023055698349161293
136.5917561904164,0.04290203156292638,-0.023002552036920827
136.6917561904164,0.04190203156292634,-0.02294851234064884
136.79175619041638,0.04090203156292642,-0.022893638924833457
136.8917561904164,0.03990203156292635,-0.022838009012850692
136.9917561904164,0.038902031562926376,-0.022781723514883168
137.0917561904164,0.03790203156292635,-0.02272491598818325
137.19175619041638,0.036902031562926346,-0.022667766157843456
137.29175619041638,0.0359020315629264,-0.02261052110573889
137.29257884856915,0.0358938049813986,-0.0226100506588633
137.39257884856917,0.0348938049813986,-0.022553386406627986
137.49257884856917,0.0338938049813986,-0.02249777136392103
137.59257884856913,0.03289380498139861,-0.022443215012940096
137.69257884856916,0.0318938049813986,-0.022389726641759495
137.79257884856915,0.0308938049813986,-0.022337315314567823
137.89257884856914,0.0298938049813986,-0.02228598983953452
137.99257884856914,0.028893804981398603,-0.022235758734155113
138.09257884856913,0.02789380498139861,-0.022186630187919644
138.19257884856916,0.0268938049813986,-0.022138612022143633
138.29257884856912,0.025893804981398608,-0.022091711646796398
138.39257884856912,0.02489380498139861,-0.022045936014158062
138.49257884856914,0.023893804981398592,-0.02200129156913382
138.59257884856913,0.022893804981398598,-0.02195778419605289
138.6925788485691,0.021893804981398608,-0.02191541916177962
138.79257884856912,0.020893804981398603,-0.021874201054966475
138.89257884856914,0.019893804981398595,-0.0218341337212828
138.9925788485691,0.0188938049813986,-0.021795220194460296
139.09257884856913,0.017893804981398587,-0.02175746262300599
139.19257884856913,0.01689380498139862,-0.0217208621924472
139.29257884856912,0.01589380498139861,-0.021685419042990386
139.39257884856912,0.014893804981398615,-0.02165113218249811
139.49257884856914,0.01389380498139859,-0.021617999394715825
139.59257884856913,0.012893804981398596,-0.021586017142713562
139.69257884856913,0.011893804981398595,-0.021555180467547612
139.79257884856912,0.010893804981398605,-0.02152548288219444
139.89257884856914,0.0098938049813986,-0.021496916260864456
139.99257884856914,0.008893804981398596,-0.021469470723866894
140.09257884856913,0.007893804981398606,-0.02144313451827045
140.19257884856916,0.006893804981398594,-0.021417893894687085
140.29257884856912,0.005893804981398607,-0.021393732980599784
140.39257884856912,0.00489380498139861,-0.02137063365075905
140.49257884856914,0.003893804981398581,-0.021348575395287304
140.59257884856913,0.002893804981398615,-0.021327535186255853
140.69257884856913,0.0018938049813985586,-0.021307487343634142
140.79257884856912,0.0008938049813985854,-0.021288403401655765
140.89257884856912,-0.00010619501860140851,-0.02127025197679829
140.9925788485691,-0.0011061950186013886,-0.021252998638732618
141.0925788485691,-0.002106195018601438,-0.02123660578576024
141.1925788485691,-0.003106195018601425,-0.021221032526419933
141.29257884856912,-0.004106195018601433,-0.02120623456910567
141.39257884856912,-0.005106195018601455,-0.021192164121690293
141.4925788485691,-0.006106195018601435,-0.02117876980328946
141.5925788485691,-0.0071061950186014355,-0.021165996570421806
141.6925788485691,-0.00810619501860143,-0.021153785659917667
141.7925788485691,-0.009106195018601451,-0.021142074550992804
141.89257884856912,-0.010106195018601459,-0.02113079694892837
141.9925788485691,-0.011106195018601453,-0.02111988279277626
142.0925788485691,-0.012106195018601405,-0.021109258289432817
142.1925788485691,-0.013106195018601448,-0.021098845976287025
142.2925788485691,-0.0141061950186014,-0.021088564814446494
142.39257884856912,-0.01510619501860147,-0.021078330314270703
142.49257884856908,-0.01610619501860147,-0.021068054694595304
142.59257884856908,-0.01710619501860143,-0.021057647076612326
142.6925788485691,-0.01810619501860144,-0.021047013712882617
142.7925788485691,-0.019106195018601453,-0.021036058251405036
142.8925788485691,-0.020106195018601412,-0.021024682034059435
142.99257884856908,-0.021106195018601406,-0.02101278442809221
143.0925788485691,-0.022106195018601456,-0.021000263188637413
143.19257884856907,-0.023106195018601415,-0.020987014849583593
143.2925788485691,-0.024106195018601458,-0.020972935139426382
143.3925788485691,-0.025106195018601438,-0.020957919418112085
143.49257884856908,-0.026106195018601466,-0.02094186313030076
143.59257884856908,-0.027106195018601453,-0.020924662269981176
143.6925788485691,-0.028106195018601482,-0.02090621385097437
143.7925788485691,-0.02910619501860144,-0.02088641637758605
143.89257884856906,-0.030106195018601442,-0.020865170309523094
143.99257884856905,-0.03110619501860143,-0.020842378515186274
144.09257884856908,-0.0321061950186015,-0.020817946707592287
144.19257884856907,-0.033106195018601445,-0.02079178385746143
144.29257884856906,-0.0341061950186015,-0.02076380257842461
144.39257884856906,-0.03510619501860145,-0.0207339194798412
144.49257884856908,-0.03610619501860146,-0.020702055483358964
144.59257884856905,-0.03710619501860145,-0.020668136100067635
144.69257884856907,-0.03810619501860149,-0.020632091665872935
144.79257884856906,-0.039106195018601436,-0.02059385753352294
144.89257884856906,-0.04010619501860144,-0.0205533742205271
144.99257884856905,-0.041106195018601466,-0.02051058751299533
145.09257884856905,-0.04210619501860144,-0.020465448526168092
145.19257884856907,-0.043106195018601454,-0.020417913723088547
145.29257884856906,-0.04410619501860154,-0.02036794489347011
145.39257884856906,-0.045106195018601455,-0.020315509095324643
145.49257884856908,-0.04610619501860151,-0.020260578562332224
145.59257884856908,-0.047106195018601485,-0.020203130580249643
145.69257884856907,-0.04810619501860154,-0.020143147335871903
145.7631345969345,-0.048811752502255557,-0.020099292996540327
145.86313459693446,-0.04981175250225556,-0.020030206798350384
145.96313459693445,-0.05081175250225556,-0.019950120879074017
146.06313459693445,-0.05181175250225556,-0.019860463207596938
146.16313459693444,-0.05281175250225556,-0.01976249582361171
146.26313459693444,-0.053811752502255554,-0.019657364137539726
146.36313459693443,-0.054811752502255555,-0.01954613900059692
146.4631345969344,-0.055811752502255556,-0.01942985601856071
146.5631345969344,-0.05681175250225556,-0.019309556519409795
146.66313459693438,-0.05781175250225556,-0.0191863355999041
146.76313459693438,-0.05881175250225555,-0.019061405359782253
146.86313459693437,-0.05981175250225556,-0.01893618735581868
146.9631345969344,-0.06081175250225556,-0.01881246149752082
147.0631345969344,-0.06181175250225556,-0.018692630187199907
147.16313459693438,-0.06281175250225557,-0.018580241415073535
147.26313459693438,-0.06381175250225556,-0.018481184432506233
147.3631345969344,-0.06481175250225556,-0.01840707943382967
147.4081610436587,-0.06526201696949863,-0.018388482559712944
147.5081610436587,-0.06626201696949863,-0.01841155530961217
147.60816104365867,-0.06726201696949863,-0.01849627633742886
147.70816104365866,-0.06826201696949863,-0.018611919369907203
147.80816104365866,-0.06926201696949863,-0.01874233313034396
147.90816104365865,-0.07026201696949863,-0.018877518135648884
148.00816104365865,-0.07126201696949863,-0.01901053068192175
148.1081610436586,-0.07226201696949863,-0.0191360930877329
148.2081610436586,-0.07326201696949863,-0.019249878212046625
148.3081610436586,-0.07426201696949863,-0.019348098995707046
148.4081610436586,-0.07526201696949864,-0.019427248753947565
148.5081610436586,-0.07626201696949862,-0.019483919598446562
148.60816104365855,-0.07726201696949862,-0.019514660965314044
148.70816104365858,-0.07826201696949864,-0.019515855900663688
148.75470047644725,-0.07872741129738547,-0.01950525678781256
148.85470047644725,-0.07972741129738548,-0.0194315769818712
148.95470047644724,-0.08072741129738548,-0.01931718214756785
149.0547004764472,-0.08172741129738548,-0.019184492089449237
149.1547004764472,-0.08272741129738548,-0.019040771422446028
149.2547004764472,-0.08372741129738548,-0.018889482043747213
149.3547004764472,-0.08472741129738548,-0.018732599758434745
149.4547004764472,-0.08572741129738547,-0.018571382327880265
149.55470047644718,-0.08672741129738548,-0.018406692919433525
149.6547004764472,-0.08772741129738548,-0.018239158422584528
149.7547004764472,-0.08872741129738547,-0.018069255696108764
149.85470047644716,-0.08972741129738547,-0.01789736272232298
149.95470047644716,-0.09072741129738547,-0.017723791398043927
150.05470047644715,-0.09172741129738547,-0.017548810439850966
150.15470047644715,-0.09272741129738547,-0.017372663319125927
150.25470047644714,-0.09372741129738547,-0.017195584787121503
150.3547004764471,-0.09472741129738547,-0.017017819708391554
150.45470047644713,-0.09572741129738549,-0.016839650097736452
150.55470047644715,-0.09672741129738549,-0.016661443237897314
150.5589270827098,-0.09676967736001219,-0.016653917596690757
150.6589270827098,-0.09776967736001219,-0.016473445401990937
150.7589270827098,-0.09876967736001219,-0.01628796764085946
150.85892708270978,-0.09976967736001219,-0.016097253470393248
150.95892708270978,-0.10076967736001219,-0.015901064842406464
151.05892708270974,-0.10176967736001219,-0.015699158614986563
151.15892708270974,-0.10276967736001219,-0.015491289635308934
151.25892708270973,-0.10376967736001219,-0.01527721509349572
151.35892708270973,-0.10476967736001218,-0.015056700517681397
151.45892708270972,-0.1057696773600122,-0.014829527854991118
151.55892708270972,-0.10676967736001218,-0.014595506152013184
151.65892708270974,-0.10776967736001218,-0.014354485393036454
151.75892708270973,-0.1087696773600122,-0.014106374043409125
151.85892708270976,-0.1097696773600122,-0.013851160730121421
151.95892708270975,-0.11076967736001218,-0.013588940203608235
152.05892708270974,-0.11176967736001218,-0.013319943179552483
152.15892708270974,-0.11276967736001219,-0.01304456877534732
152.25892708270973,-0.1137696773600122,-0.012763416995583858
152.35892708270976,-0.1147696773600122,-0.012477317163745377
152.45892708270975,-0.11576967736001219,-0.012187346630031863
152.55892708270972,-0.11676967736001219,-0.011894833065617677
152.6589270827097,-0.11776967736001219,-0.011601333955533918
152.7589270827097,-0.11876967736001218,-0.011308589245750204
152.85892708270973,-0.11976967736001219,-0.011018447667936113
152.9589270827097,-0.12076967736001218,-0.010732773233328646
153.05892708270972,-0.1217696773600122,-0.0104533438871856
153.1589270827097,-0.12276967736001218,-0.010181757135798289
153.2589270827097,-0.12376967736001215,-0.009919356233902204
153.3589270827097,-0.12476967736001217,-0.00966718561078291
153.45892708270972,-0.12576967736001218,-0.009425977549805606
153.55892708270972,-0.12676967736001216,-0.009196166124174477
153.6589270827097,-0.12776967736001218,-0.008977920697294054
153.7589270827097,-0.12876967736001216,-0.00877119030363604
153.85892708270973,-0.1297696773600122,-0.008575751297018895
153.9589270827097,-0.13076967736001216,-0.00839125275760714
154.0589270827097,-0.13176967736001216,-0.008217256394066327
154.15892708270968,-0.13276967736001216,-0.008053269534864505
154.25892708270968,-0.13376967736001216,-0.007898771088896943
154.35892708270967,-0.13476967736001216,-0.007753231105716205
154.45892708270964,-0.13576967736001216,-0.007616124909130344
154.55892708270966,-0.13676967736001222,-0.007486942856676032
154.65892708270965,-0.13776967736001217,-0.007365196707590971
154.75892708270965,-0.1387696773600122,-0.007250423444079695
154.85892708270967,-0.13976967736001225,-0.007142187234295001
154.95892708270966,-0.14076967736001217,-0.0070400800771359615
155.05892708270966,-0.14176967736001223,-0.006943721540586814
155.15892708270965,-0.14276967736001223,-0.00685275790025046
155.25892708270965,-0.14376967736001223,-0.006766860901912602
155.35892708270964,-0.14476967736001212,-0.006685726308442988
155.38632384850288,-0.14504364501794464,-0.006664291367872828
155.48632384850288,-0.14604364501794465,-0.006589078810963457
155.58632384850287,-0.14704364501794465,-0.006518312005377334
155.68632384850284,-0.14804364501794465,-0.006451485326491314
155.78632384850283,-0.14904364501794465,-0.006388183497305211
155.88632384850283,-0.15004364501794465,-0.00632806050679088
155.98632384850282,-0.15104364501794465,-0.006270824463300121
156.08632384850281,-0.15204364501794465,-0.006216226460230268
156.18632384850278,-0.15304364501794465,-0.006164052226699181
156.28632384850278,-0.15404364501794465,-0.0061141157564212345
156.38632384850277,-0.15504364501794465,-0.006066254370487656
156.48632384850276,-0.15604364501794465,-0.006020324838382447
156.58632384850276,-0.15704364501794466,-0.005976200292640513
156.68632384850272,-0.15804364501794466,-0.0059337677473758075
156.78632384850272,-0.15904364501794466,-0.005892926082329226
156.8863238485027,-0.16004364501794466,-0.005853584390072044
156.9863238485027,-0.16104364501794466,-0.005815660609601718
157.0863238485027,-0.16204364501794466,-0.005779080388054203
157.1863238485027,-0.16304364501794466,-0.005743776125791864
157.28632384850266,-0.16404364501794466,-0.005709686170160646
157.38632384850266,-0.16504364501794466,-0.005676754130736878
157.48632384850265,-0.16604364501794466,-0.005644928294590975
157.58632384850264,-0.16704364501794466,-0.005614161124466071
157.68632384850264,-0.16804364501794467,-0.005584408826148724
157.7863238485026,-0.16904364501794467,-0.00555563097394474
157.8863238485026,-0.17004364501794467,-0.005527790185246501
157.9863238485026,-0.17104364501794467,-0.005500851836822593
158.0863238485026,-0.17204364501794467,-0.0054747838167749285
158.18632384850258,-0.17304364501794467,-0.005449556307167651
158.28632384850255,-0.17404364501794467,-0.005425141593192422
158.38632384850254,-0.17504364501794467,-0.00540151389543964
158.48632384850254,-0.17604364501794467,-0.005378649222428439
158.58632384850253,-0.17704364501794467,-0.005356525241036417
158.68632384850252,-0.17804364501794467,-0.0053351211628842755
158.78632384850252,-0.17904364501794467,-0.005314417645088134
158.88632384850249,-0.18004364501794468,-0.0052943967041083045
158.98632384850248,-0.18104364501794468,-0.005275041641710518
159.08632384850247,-0.18204364501794468,-0.005256336982326837
159.18632384850247,-0.18304364501794468,-0.005238268421371095
159.28632384850246,-0.18404364501794468,-0.005220822784342189
159.38632384850243,-0.18504364501794468,-0.005203987996854633
159.48632384850242,-0.18604364501794468,-0.00518775306609186
159.58632384850242,-0.18704364501794468,-0.005172108074614172
159.6863238485024,-0.18804364501794468,-0.005157044188013742
159.7863238485024,-0.18904364501794468,-0.0051425536786593555
159.88632384850237,-0.19004364501794468,-0.005128629968814864
159.98632384850237,-0.19104364501794469,-0.005115267697909387
160.08632384850236,-0.1920436450179447,-0.005102462820950699
160.18632384850235,-0.1930436450179447,-0.005090212748460259
160.28632384850235,-0.1940436450179447,-0.005078516543674201
160.38632384850234,-0.1950436450179447,-0.005067375201588744
160.4863238485023,-0.1960436450179447,-0.005056792049629482
160.5863238485023,-0.1970436450179447,-0.0050467733372806115
160.6863238485023,-0.1980436450179447,-0.005037329135224163
160.7863238485023,-0.1990436450179447,-0.00502847477573528
160.8863238485023,-0.20004364501794467,-0.005020233323416777
160.98632384850228,-0.2010436450179447,-0.005012640249684626
161.0863238485023,-0.2020436450179447,-0.005005753717069694
161.1863238485023,-0.20304364501794467,-0.0049996842116430025
161.27814039797576,-0.20396181051267948,-0.004995117689198434
161.37814039797576,-0.20296181051267947,-0.0027812174712296958
161.47814039797575,-0.20196181051267947,-0.0003212930188618052
161.56999930549375,-0.2010432214374993,0.003020310131433508
161.56999930549375,-0.2010432214374993,0.0030203101314334904
